Strain,Drug,Enviro,MIC50,OD,Activity_norm,Species,RAD50,FoG50
HSC012,BA,0.2,0.78125,1.2554053109117107,1,C.albicans,14.25,0.2075
HSC012,BA,1.56,0.78125,1.1517286148231796,0.9209125620995796,C.albicans,14.25,0.2075
HSC012,BA,0.39,0.78125,1.4273775852414596,1.0882101728207527,C.albicans,14.25,0.2075
HSC012,BA,0.78,0.78125,1.1990576047104347,1.0218729959883168,C.albicans,14.25,0.2075
HSC012,BA,12.5,0.78125,0.7185218995685,0.5995892912441168,C.albicans,14.25,0.2075
HSC012,BA,3.12,0.78125,1.1016246353008412,0.8393139585128672,C.albicans,14.25,0.2075
HSC012,BA,6.25,0.78125,0.9550897659593564,0.6521246763413284,C.albicans,14.25,0.2075
HSC012,FLC,1,1,1.3183839465613643,1.0342899975282944,C.albicans,20.75,0.225
HSC012,FLC,0.5,1,1.3204166225187655,1,C.albicans,20.75,0.225
HSC012,FLC,4,1,1.478965347196091,0.9551098629680894,C.albicans,20.75,0.225
HSC012,FLC,16,1,1.3461880498358219,0.9384007249605446,C.albicans,20.75,0.225
HSC012,FLC,2,1,1.4121048273115597,1.0153721521083254,C.albicans,20.75,0.225
HSC012,FLC,32,1,1.4026674032236237,0.9664212509662143,C.albicans,20.75,0.225
HSC012,FLC,8,1,1.5307259885399251,1.0353155325386278,C.albicans,20.75,0.225
HSC014,BA,6.25,0.78125,1.0770935148091014,0.5593280841498544,C.albicans,12.66666667,0.121666667
HSC014,BA,3.12,0.78125,1.0410551425231818,0.5864499958411322,C.albicans,12.66666667,0.121666667
HSC014,BA,12.5,0.78125,0.7531040987769198,0.5904302897950342,C.albicans,12.66666667,0.121666667
HSC014,BA,0.39,0.78125,1.6158894263924193,1.0776377818187495,C.albicans,12.66666667,0.121666667
HSC014,BA,1.56,0.78125,1.1970434551582858,0.9436780748254464,C.albicans,12.66666667,0.121666667
HSC014,BA,0.78,0.78125,1.3898709927967747,1.1231625556000013,C.albicans,12.66666667,0.121666667
HSC014,BA,0.2,0.78125,1.5157828367093087,1,C.albicans,12.66666667,0.121666667
HSC014,FLC,8,1,1.6791191918379278,0.969567953308507,C.albicans,19.66666667,0.358333333
HSC014,FLC,16,1,1.5995876427186908,0.9590953403588226,C.albicans,19.66666667,0.358333333
HSC014,FLC,0.5,1,1.5254480630312668,1,C.albicans,19.66666667,0.358333333
HSC014,FLC,1,1,1.557080950364568,0.9554334469869279,C.albicans,19.66666667,0.358333333
HSC014,FLC,2,1,1.5880847745974906,0.9362963810693984,C.albicans,19.66666667,0.358333333
HSC014,FLC,32,1,1.6388591534137265,0.9950354480636752,C.albicans,19.66666667,0.358333333
HSC014,FLC,4,1,1.6448801859459172,0.9031435107347906,C.albicans,19.66666667,0.358333333
HSC015,BA,0.2,0.78125,1.4337534757351116,1,C.albicans,11.5,0.096666667
HSC015,BA,1.56,0.78125,1.061382115497816,0.9836542444512814,C.albicans,11.5,0.096666667
HSC015,BA,0.39,0.78125,1.4170899811033142,0.9688610767826844,C.albicans,11.5,0.096666667
HSC015,BA,6.25,0.78125,0.9328587262090019,0.5987873550930825,C.albicans,11.5,0.096666667
HSC015,BA,12.5,0.78125,0.6433923763922826,0.6631901811211854,C.albicans,11.5,0.096666667
HSC015,BA,0.78,0.78125,1.2771826202343612,1.1628321209345416,C.albicans,11.5,0.096666667
HSC015,BA,3.12,0.78125,1.0287975591633605,0.8211584939776184,C.albicans,11.5,0.096666667
HSC015,FLC,0.5,1,1.4371281119399466,1,C.albicans,17.5,0.238333333
HSC015,FLC,32,1,1.392950015758157,0.9403186716967566,C.albicans,17.5,0.238333333
HSC015,FLC,1,1,1.4704481769776192,0.9533220358876175,C.albicans,17.5,0.238333333
HSC015,FLC,16,1,1.4033936182326514,0.9448755305771721,C.albicans,17.5,0.238333333
HSC015,FLC,2,1,1.4310774533634538,0.9574700784627312,C.albicans,17.5,0.238333333
HSC015,FLC,4,1,1.4925786679354762,0.8890413445194357,C.albicans,17.5,0.238333333
HSC015,FLC,8,1,1.439697569691608,0.9590764382112323,C.albicans,17.5,0.238333333
HSC020,BA,3.12,0.78125,1.041214993296188,0.6028028608781337,C.albicans,12.16666667,0.17
HSC020,BA,6.25,0.78125,1.0653185870989816,0.5434011553650974,C.albicans,12.16666667,0.17
HSC020,BA,12.5,0.78125,0.8878558777259119,0.687755343034177,C.albicans,12.16666667,0.17
HSC020,BA,0.2,0.78125,1.5718957835210328,1,C.albicans,12.16666667,0.17
HSC020,BA,1.56,0.78125,1.1749899389016938,0.8474690634902787,C.albicans,12.16666667,0.17
HSC020,BA,0.78,0.78125,1.4356100468944022,1.1545171122925746,C.albicans,12.16666667,0.17
HSC020,BA,0.39,0.78125,1.5963006722463613,1.0669873763534903,C.albicans,12.16666667,0.17
HSC020,FLC,4,1,1.4465648325318277,0.9221471540591872,C.albicans,19,0.43
HSC020,FLC,8,1,1.6354724463474313,1.0400482435933753,C.albicans,19,0.43
HSC020,FLC,0.5,1,1.4830141958243586,1,C.albicans,19,0.43
HSC020,FLC,1,1,1.471820355828429,0.9994219248152962,C.albicans,19,0.43
HSC020,FLC,16,1,1.6234460066823833,1.050266111134357,C.albicans,19,0.43
HSC020,FLC,2,1,1.4592388497173017,0.9933090791682705,C.albicans,19,0.43
HSC020,FLC,32,1,1.6737720311268929,1.0392225446390335,C.albicans,19,0.43
HSC028,BA,0.39,0.78125,1.5240526174810822,0.9958567922004194,C.albicans,12.16666667,0.163333333
HSC028,BA,0.2,0.78125,1.466495626728034,1,C.albicans,12.16666667,0.163333333
HSC028,BA,1.56,0.78125,1.2062532820348035,0.9690426564772194,C.albicans,12.16666667,0.163333333
HSC028,BA,0.78,0.78125,1.51190562065958,1.1075533609485395,C.albicans,12.16666667,0.163333333
HSC028,BA,3.12,0.78125,1.070658898911058,0.8060940598017167,C.albicans,12.16666667,0.163333333
HSC028,BA,6.25,0.78125,0.989443513185898,0.733240571764145,C.albicans,12.16666667,0.163333333
HSC028,BA,12.5,0.78125,0.9561098940013104,0.7716343941111251,C.albicans,12.16666667,0.163333333
HSC028,FLC,2,1,1.663606699680048,1.0413649210057059,C.albicans,19.83333333,0.361666667
HSC028,FLC,0.5,1,1.5501594125273166,1,C.albicans,19.83333333,0.361666667
HSC028,FLC,1,1,1.4917146975908586,1.0071435648507578,C.albicans,19.83333333,0.361666667
HSC028,FLC,16,1,1.6296872516249012,1.0955417468075557,C.albicans,19.83333333,0.361666667
HSC028,FLC,4,1,1.5319447406330093,1.003039195833191,C.albicans,19.83333333,0.361666667
HSC028,FLC,8,1,1.5781268221288114,1.028682259540425,C.albicans,19.83333333,0.361666667
HSC028,FLC,32,1,1.6758693331207037,1.1472825473746557,C.albicans,19.83333333,0.361666667
HSC029,BA,3.12,0.78125,0.8049985753918557,0.6282785424179618,C.albicans,13.16666667,0.138333333
HSC029,BA,12.5,0.78125,0.7196046727147132,0.5403476122704408,C.albicans,13.16666667,0.138333333
HSC029,BA,6.25,0.78125,0.7798924376608584,0.5953881371547525,C.albicans,13.16666667,0.138333333
HSC029,BA,0.39,0.78125,1.3408164095981425,0.8836361891255995,C.albicans,13.16666667,0.138333333
HSC029,BA,0.78,0.78125,1.498225286293146,0.998949066193714,C.albicans,13.16666667,0.138333333
HSC029,BA,1.56,0.78125,1.0288065795069972,0.8711825252443667,C.albicans,13.16666667,0.138333333
HSC029,BA,0.2,0.78125,1.6107073902063647,1,C.albicans,13.16666667,0.138333333
HSC029,FLC,8,1,1.5283361039450234,1.0647064896124931,C.albicans,19.16666667,0.47
HSC029,FLC,32,1,1.7886685342762616,1.1811185304619163,C.albicans,19.16666667,0.47
HSC029,FLC,4,1,1.4063104164492695,0.9998063358359972,C.albicans,19.16666667,0.47
HSC029,FLC,0.5,1,1.3568916575645336,1,C.albicans,19.16666667,0.47
HSC029,FLC,1,1,1.488620196222349,1.0746654519807057,C.albicans,19.16666667,0.47
HSC029,FLC,16,1,1.6853085011346425,1.132256512675198,C.albicans,19.16666667,0.47
HSC029,FLC,2,1,1.5435482011058825,1.067611163545337,C.albicans,19.16666667,0.47
HSC030,BA,0.2,0.78125,1.635158301671534,1,C.albicans,12,0.146666667
HSC030,BA,0.39,0.78125,1.5993997395282615,0.9563526805780637,C.albicans,12,0.146666667
HSC030,BA,3.12,0.78125,1.0077301112909718,0.6310745295548519,C.albicans,12,0.146666667
HSC030,BA,0.78,0.78125,1.5203464021448545,0.9839223622115275,C.albicans,12,0.146666667
HSC030,BA,12.5,0.78125,0.733734935126498,0.5305614468027432,C.albicans,12,0.146666667
HSC030,BA,6.25,0.78125,0.9116049442391638,0.5726003201902777,C.albicans,12,0.146666667
HSC030,BA,1.56,0.78125,1.1302320241817962,0.750907009875087,C.albicans,12,0.146666667
HSC030,FLC,2,1,1.6894416076996852,1.0512422900286573,C.albicans,19.16666667,0.335
HSC030,FLC,0.5,1,1.4998188897510754,1,C.albicans,19.16666667,0.335
HSC030,FLC,1,1,1.619207991760298,1.073409603614288,C.albicans,19.16666667,0.335
HSC030,FLC,16,1,1.7187257270604377,1.071227841401294,C.albicans,19.16666667,0.335
HSC030,FLC,8,1,1.646963544451121,1.0540049511033298,C.albicans,19.16666667,0.335
HSC030,FLC,32,1,1.585096819757663,1.0010368492956605,C.albicans,19.16666667,0.335
HSC030,FLC,4,1,1.6380334970636385,1.050418175493554,C.albicans,19.16666667,0.335
HSC034,BA,3.12,0.78125,0.9576699611106648,0.5469062881298254,C.albicans,12.25,0.1225
HSC034,BA,6.25,0.78125,0.8354733380901496,0.5328436813403853,C.albicans,12.25,0.1225
HSC034,BA,1.56,0.78125,1.0410245021037774,0.7867135736160786,C.albicans,12.25,0.1225
HSC034,BA,0.2,0.78125,1.6251678330317008,1,C.albicans,12.25,0.1225
HSC034,BA,0.78,0.78125,1.528582412515872,0.9649769353095836,C.albicans,12.25,0.1225
HSC034,BA,12.5,0.78125,0.558664437218464,0.5516155113052154,C.albicans,12.25,0.1225
HSC034,BA,0.39,0.78125,1.515635051840071,0.9616249734015981,C.albicans,12.25,0.1225
HSC034,FLC,4,1,1.5342890132741729,1.1504971735715628,C.albicans,20.75,0.375
HSC034,FLC,32,1,1.5586694794840297,1.053169299744512,C.albicans,20.75,0.375
HSC034,FLC,0.5,1,1.0688604139747295,1,C.albicans,20.75,0.375
HSC034,FLC,8,1,1.5918489109425562,1.0905531566477307,C.albicans,20.75,0.375
HSC034,FLC,16,1,1.6358437371859067,1.1617018908234042,C.albicans,20.75,0.375
HSC034,FLC,2,1,1.6674650185483149,1.17041955322664,C.albicans,20.75,0.375
HSC034,FLC,1,1,1.5974399201109821,1.1432056744185881,C.albicans,20.75,0.375
HSC038,BA,0.39,0.78125,1.5240623466726975,0.9860270188827951,C.albicans,12.33333333,0.153333333
HSC038,BA,0.78,0.78125,1.5327590834066553,1.1078555049793195,C.albicans,12.33333333,0.153333333
HSC038,BA,3.12,0.78125,0.9516404171133532,0.7273777447706875,C.albicans,12.33333333,0.153333333
HSC038,BA,0.2,0.78125,1.469911571852662,1,C.albicans,12.33333333,0.153333333
HSC038,BA,12.5,0.78125,0.6817698053377192,0.6231255068635483,C.albicans,12.33333333,0.153333333
HSC038,BA,1.56,0.78125,1.2327216660851048,0.9722272727652819,C.albicans,12.33333333,0.153333333
HSC038,BA,6.25,0.78125,1.0156429640148252,0.7322253488415328,C.albicans,12.33333333,0.153333333
HSC038,FLC,16,1,1.6582141457056656,1.106360889780727,C.albicans,18.5,0.358333333
HSC038,FLC,0.5,1,1.3866907227182368,1,C.albicans,18.5,0.358333333
HSC038,FLC,1,1,1.5799515120210539,1.0725706189428188,C.albicans,18.5,0.358333333
HSC038,FLC,4,1,1.6652973654357728,1.1172151657861222,C.albicans,18.5,0.358333333
HSC038,FLC,8,1,1.6583530323670403,1.0566867636536545,C.albicans,18.5,0.358333333
HSC038,FLC,2,1,1.6019650478489351,1.0621087140581196,C.albicans,18.5,0.358333333
HSC038,FLC,32,1,1.40009328554089,1.011591370526636,C.albicans,18.5,0.358333333
HSC041,BA,6.25,0.390625,0.967181126410137,0.6169992517625567,C.albicans,11.5,0.126666667
HSC041,BA,3.12,0.390625,1.0455079364984385,0.713747898332492,C.albicans,11.5,0.126666667
HSC041,BA,0.39,0.390625,1.4913424640812638,0.983836975681415,C.albicans,11.5,0.126666667
HSC041,BA,1.56,0.390625,1.171082148607919,0.8927953461572105,C.albicans,11.5,0.126666667
HSC041,BA,12.5,0.390625,0.7271743767812767,0.6103005188184282,C.albicans,11.5,0.126666667
HSC041,BA,0.78,0.390625,1.3286572606679143,0.9923534241382751,C.albicans,11.5,0.126666667
HSC041,BA,0.2,0.390625,1.446105589805667,1,C.albicans,11.5,0.126666667
HSC041,FLC,2,1,1.6133646640321266,1.0844527241802824,C.albicans,18.33333333,0.261666667
HSC041,FLC,32,1,1.2145363197144294,1.0529838658204291,C.albicans,18.33333333,0.261666667
HSC041,FLC,4,1,1.4926312289468808,1.1325742989887284,C.albicans,18.33333333,0.261666667
HSC041,FLC,8,1,1.4509030831800909,1.0892236713079493,C.albicans,18.33333333,0.261666667
HSC041,FLC,16,1,1.3641085399851678,1.0969663248262906,C.albicans,18.33333333,0.261666667
HSC041,FLC,0.5,1,1.2712865979572636,1,C.albicans,18.33333333,0.261666667
HSC041,FLC,1,1,1.4390337439397596,1.0790979704441324,C.albicans,18.33333333,0.261666667
HSC042,BA,12.5,0.78125,0.6577650493541387,0.6629812939261747,C.albicans,11.5,0.118333333
HSC042,BA,0.39,0.78125,1.5254972535438274,0.9805134915361552,C.albicans,11.5,0.118333333
HSC042,BA,3.12,0.78125,1.0469934768628684,0.6681340881818298,C.albicans,11.5,0.118333333
HSC042,BA,6.25,0.78125,0.9189389116657839,0.6327017892876885,C.albicans,11.5,0.118333333
HSC042,BA,0.2,0.78125,1.5970838375117373,1,C.albicans,11.5,0.118333333
HSC042,BA,0.78,0.78125,1.5045579887506797,1.0230994218587417,C.albicans,11.5,0.118333333
HSC042,BA,1.56,0.78125,1.287832818490915,0.7553572644198248,C.albicans,11.5,0.118333333
HSC042,FLC,1,1,1.4638607506903374,1.1472477565519101,C.albicans,18,0.403333333
HSC042,FLC,0.5,1,1.4068382980303333,1,C.albicans,18,0.403333333
HSC042,FLC,2,1,1.6585904869850454,1.142210906036712,C.albicans,18,0.403333333
HSC042,FLC,32,1,1.5862068838125503,1.0480442383671082,C.albicans,18,0.403333333
HSC042,FLC,4,1,1.7244572384249686,1.1584640379018536,C.albicans,18,0.403333333
HSC042,FLC,16,1,1.5966803955256124,1.0922575369370477,C.albicans,18,0.403333333
HSC042,FLC,8,1,1.7420682544165618,1.1150790284663779,C.albicans,18,0.403333333
HSC043,BA,1.56,0.78125,1.2879626454163127,0.782256887149395,C.albicans,11,0.106666667
HSC043,BA,12.5,0.78125,0.7515434041163218,0.7978230254901961,C.albicans,11,0.106666667
HSC043,BA,0.78,0.78125,1.464176972588939,0.9428981299966221,C.albicans,11,0.106666667
HSC043,BA,0.39,0.78125,1.5873129761111873,0.9922087929096466,C.albicans,11,0.106666667
HSC043,BA,6.25,0.78125,1.123163011501832,0.847414143117358,C.albicans,11,0.106666667
HSC043,BA,3.12,0.78125,1.140641760553368,0.8117337241987754,C.albicans,11,0.106666667
HSC043,BA,0.2,0.78125,1.5058406029811713,1,C.albicans,11,0.106666667
HSC043,FLC,16,>32,1.7572981058806652,1.102355017322614,C.albicans,18.66666667,0.64
HSC043,FLC,2,>32,1.680011905576487,1.159961738208752,C.albicans,18.66666667,0.64
HSC043,FLC,32,>32,1.4258678663238156,0.9902813449741837,C.albicans,18.66666667,0.64
HSC043,FLC,8,>32,1.6869151390017145,1.0989130859819527,C.albicans,18.66666667,0.64
HSC043,FLC,1,>32,1.5154598305599214,1.104027864190057,C.albicans,18.66666667,0.64
HSC043,FLC,4,>32,1.6870652092935672,1.2216744451120527,C.albicans,18.66666667,0.64
HSC043,FLC,0.5,>32,1.407109079842219,1,C.albicans,18.66666667,0.64
HSC044,BA,0.2,0.78125,1.4270373752482564,1,C.albicans,12.16666667,0.091666667
HSC044,BA,0.78,0.78125,1.4560826639315774,0.9950278394581781,C.albicans,12.16666667,0.091666667
HSC044,BA,3.12,0.78125,0.9823696052780287,0.7043738249935423,C.albicans,12.16666667,0.091666667
HSC044,BA,6.25,0.78125,1.0152034098765652,0.7280693061447936,C.albicans,12.16666667,0.091666667
HSC044,BA,12.5,0.78125,0.7719955450448706,0.7273547191448125,C.albicans,12.16666667,0.091666667
HSC044,BA,0.39,0.78125,1.5106818638861579,1.0427128095419842,C.albicans,12.16666667,0.091666667
HSC044,BA,1.56,0.78125,1.084288111859912,0.7337736557842017,C.albicans,12.16666667,0.091666667
HSC044,FLC,1,1,1.4096010047973282,1.1222203999607194,C.albicans,18.16666667,0.563333333
HSC044,FLC,0.5,1,1.2593603401697842,1,C.albicans,18.16666667,0.563333333
HSC044,FLC,32,1,1.5398043830682147,1.1006191685739266,C.albicans,18.16666667,0.563333333
HSC044,FLC,4,1,1.6672789480220467,1.23476317402691,C.albicans,18.16666667,0.563333333
HSC044,FLC,16,1,1.5529806530848493,1.1198658034077558,C.albicans,18.16666667,0.563333333
HSC044,FLC,2,1,1.48249930341007,1.1421843473371798,C.albicans,18.16666667,0.563333333
HSC044,FLC,8,1,1.5784755660756156,1.1198085517720833,C.albicans,18.16666667,0.563333333
HSC046,BA,12.5,0.78125,0.755804862934982,0.9038340352400345,C.albicans,10.66666667,0.16166666699999999
HSC046,BA,6.25,0.78125,1.075292990211443,0.9099585807201502,C.albicans,10.66666667,0.16166666699999999
HSC046,BA,1.56,0.78125,1.2250935803349796,0.7720153468199019,C.albicans,10.66666667,0.16166666699999999
HSC046,BA,0.2,0.78125,1.4329698201167997,1,C.albicans,10.66666667,0.16166666699999999
HSC046,BA,0.78,0.78125,1.5489049569656554,1.0613873434348926,C.albicans,10.66666667,0.16166666699999999
HSC046,BA,0.39,0.78125,1.5288018474685574,1.079534901642434,C.albicans,10.66666667,0.16166666699999999
HSC046,BA,3.12,0.78125,1.0115971163926807,0.7461080412205385,C.albicans,10.66666667,0.16166666699999999
HSC046,FLC,16,1,1.5807429023923512,1.0549460537698394,C.albicans,16.83333333,0.5
HSC046,FLC,2,1,1.6570366756139736,1.1533961565136097,C.albicans,16.83333333,0.5
HSC046,FLC,4,1,1.5476271996455644,1.1080139213934712,C.albicans,16.83333333,0.5
HSC046,FLC,8,1,1.6001167148836688,1.1150544892998762,C.albicans,16.83333333,0.5
HSC046,FLC,32,1,1.3816732244292405,0.9898291613809478,C.albicans,16.83333333,0.5
HSC046,FLC,0.5,1,1.4094573741260912,1,C.albicans,16.83333333,0.5
HSC046,FLC,1,1,1.504674406060163,1.069821363933173,C.albicans,16.83333333,0.5
HSC047,BA,0.2,0.78125,1.4472712489811916,1,C.albicans,11,0.148333333
HSC047,BA,1.56,0.78125,1.1463859533893956,0.7476520366172866,C.albicans,11,0.148333333
HSC047,BA,6.25,0.78125,0.9665592517726106,0.7229699308360037,C.albicans,11,0.148333333
HSC047,BA,0.78,0.78125,1.3555967088270677,0.9428151187475741,C.albicans,11,0.148333333
HSC047,BA,3.12,0.78125,1.0330209760299482,0.7117464343982477,C.albicans,11,0.148333333
HSC047,BA,0.39,0.78125,1.4630292589166831,0.9728102067783195,C.albicans,11,0.148333333
HSC047,BA,12.5,0.78125,0.7599439332654901,0.8444074617327587,C.albicans,11,0.148333333
HSC047,FLC,0.5,1,1.49259135199657,1,C.albicans,17.5,0.613333333
HSC047,FLC,2,1,1.5404103829234141,1.0058747261747467,C.albicans,17.5,0.613333333
HSC047,FLC,32,1,1.3643407110507733,0.9499649599994099,C.albicans,17.5,0.613333333
HSC047,FLC,1,1,1.5802914547164024,0.9315730218556463,C.albicans,17.5,0.613333333
HSC047,FLC,16,1,1.5852646339327943,0.9587464238576591,C.albicans,17.5,0.613333333
HSC047,FLC,4,1,1.4789151091514923,1.0861160249810822,C.albicans,17.5,0.613333333
HSC047,FLC,8,1,1.4859923257286654,0.9463402626697355,C.albicans,17.5,0.613333333
HSC048,BA,3.12,0.78125,1.423303582956074,0.9605474069765771,C.albicans,11.25,0.2725
HSC048,BA,12.5,0.78125,1.104531691856615,0.8693440507603953,C.albicans,11.25,0.2725
HSC048,BA,0.78,0.78125,1.531504441732713,1.052039746769855,C.albicans,11.25,0.2725
HSC048,BA,1.56,0.78125,1.4334656343577292,0.9643300516573403,C.albicans,11.25,0.2725
HSC048,BA,0.39,0.78125,1.5669883261352135,1.0296947529147766,C.albicans,11.25,0.2725
HSC048,BA,6.25,0.78125,1.3115210175378682,0.8851744491862009,C.albicans,11.25,0.2725
HSC048,BA,0.2,0.78125,1.4633687200396486,1,C.albicans,11.25,0.2725
HSC048,FLC,1,1,1.6317331806002402,1.0367918247434522,C.albicans,17.5,0.4275
HSC048,FLC,16,1,1.57646279389891,1.0725796762582354,C.albicans,17.5,0.4275
HSC048,FLC,4,1,1.5963501894136316,1.0646036011392226,C.albicans,17.5,0.4275
HSC048,FLC,8,1,1.5991675704448838,1.0809422574044616,C.albicans,17.5,0.4275
HSC048,FLC,2,1,1.5948586347500275,1.0497566193811971,C.albicans,17.5,0.4275
HSC048,FLC,32,1,1.5996647553327517,1.0848937929021631,C.albicans,17.5,0.4275
HSC048,FLC,0.5,1,1.3592758620485554,1,C.albicans,17.5,0.4275
HSC051,BA,0.78,0.78125,1.206034311064596,0.9111789866599317,C.albicans,12.33333333,0.115
HSC051,BA,0.2,0.78125,1.5392257555580722,1,C.albicans,12.33333333,0.115
HSC051,BA,0.39,0.78125,1.4993927418000617,0.9925590639006293,C.albicans,12.33333333,0.115
HSC051,BA,1.56,0.78125,1.081067993392406,0.761279270702185,C.albicans,12.33333333,0.115
HSC051,BA,12.5,0.78125,0.8655791993564235,0.6798389696968424,C.albicans,12.33333333,0.115
HSC051,BA,3.12,0.78125,0.9635215508320023,0.69955885830848,C.albicans,12.33333333,0.115
HSC051,BA,6.25,0.78125,0.9011945998929977,0.5759299251727857,C.albicans,12.33333333,0.115
HSC051,FLC,0.5,1,1.5323182939604514,1,C.albicans,21.66666667,0.255
HSC051,FLC,1,1,1.709658184144224,1.0468219938554102,C.albicans,21.66666667,0.255
HSC051,FLC,16,1,1.4633082009477616,1.0068573432884542,C.albicans,21.66666667,0.255
HSC051,FLC,2,1,1.5656196760537842,1.0194235989434104,C.albicans,21.66666667,0.255
HSC051,FLC,32,1,1.679646818113124,1.039487167683301,C.albicans,21.66666667,0.255
HSC051,FLC,4,1,1.49516518574548,1.0241547283236185,C.albicans,21.66666667,0.255
HSC051,FLC,8,1,1.6361544106562893,1.0318866465666927,C.albicans,21.66666667,0.255
HSC054,BA,0.2,0.78125,1.603500287906797,1,C.albicans,13.16666667,0.12
HSC054,BA,6.25,0.78125,0.9230168397538412,0.6838674246742781,C.albicans,13.16666667,0.12
HSC054,BA,1.56,0.78125,1.2346031620929971,0.89524967725637,C.albicans,13.16666667,0.12
HSC054,BA,3.12,0.78125,1.0471079041737956,0.8461412787729101,C.albicans,13.16666667,0.12
HSC054,BA,12.5,0.78125,0.7971965700566344,0.6820211099046266,C.albicans,13.16666667,0.12
HSC054,BA,0.39,0.78125,1.5263447952979732,0.9933050457183671,C.albicans,13.16666667,0.12
HSC054,BA,0.78,0.78125,1.2276863409839884,0.8898441801422872,C.albicans,13.16666667,0.12
HSC054,FLC,0.5,1,1.461353747010052,1,C.albicans,18,0.523333333
HSC054,FLC,1,1,1.7217975054801888,1.164392325415056,C.albicans,18,0.523333333
HSC054,FLC,16,1,1.5810252425107978,1.0560745862542447,C.albicans,18,0.523333333
HSC054,FLC,2,1,1.74387795143845,1.1452227490994753,C.albicans,18,0.523333333
HSC054,FLC,32,1,1.5593215959716196,1.0051625725463322,C.albicans,18,0.523333333
HSC054,FLC,4,1,1.6502056158544278,1.1204391107075105,C.albicans,18,0.523333333
HSC054,FLC,8,1,1.6349829193234764,1.1104485289863977,C.albicans,18,0.523333333
HSC055,BA,0.78,0.78125,1.0420347751652133,0.9340100113889872,C.albicans,13,0.106666667
HSC055,BA,0.39,0.78125,1.337126590290191,1.0171837841553322,C.albicans,13,0.106666667
HSC055,BA,3.12,0.78125,0.991951136542613,0.7161440381867817,C.albicans,13,0.106666667
HSC055,BA,0.2,0.78125,1.522624584075698,1,C.albicans,13,0.106666667
HSC055,BA,6.25,0.78125,0.8494053958475194,0.4837965011415771,C.albicans,13,0.106666667
HSC055,BA,1.56,0.78125,1.0442479637786508,0.8802051644832266,C.albicans,13,0.106666667
HSC055,BA,12.5,0.78125,0.7633369497694009,0.5723700472038947,C.albicans,13,0.106666667
HSC055,FLC,0.5,1,1.3500283266216297,1,C.albicans,18.66666667,0.37
HSC055,FLC,1,1,1.7535764936176832,1.187303666435319,C.albicans,18.66666667,0.37
HSC055,FLC,16,1,1.7066802973784478,1.0681736825368977,C.albicans,18.66666667,0.37
HSC055,FLC,2,1,1.5615504958547786,1.075950248525682,C.albicans,18.66666667,0.37
HSC055,FLC,32,1,1.6040807540813724,0.9885426124188209,C.albicans,18.66666667,0.37
HSC055,FLC,4,1,1.5649378615542415,1.0399996557999331,C.albicans,18.66666667,0.37
HSC055,FLC,8,1,1.6098769131671207,1.092443044849427,C.albicans,18.66666667,0.37
HSC057,BA,6.25,0.390625,1.1337258794315972,0.8582928714124134,C.albicans,12.83333333,0.158333333
HSC057,BA,0.39,0.390625,1.364732311583171,0.8869451752558867,C.albicans,12.83333333,0.158333333
HSC057,BA,0.2,0.390625,1.6123401234153631,1,C.albicans,12.83333333,0.158333333
HSC057,BA,3.12,0.390625,1.2523374389369466,0.8783906785607972,C.albicans,12.83333333,0.158333333
HSC057,BA,12.5,0.390625,0.9545722672186332,0.7974642355898387,C.albicans,12.83333333,0.158333333
HSC057,BA,0.78,0.390625,1.3123143382937312,0.8307185206469169,C.albicans,12.83333333,0.158333333
HSC057,BA,1.56,0.390625,1.201685569868849,0.7813794366269908,C.albicans,12.83333333,0.158333333
HSC057,FLC,0.5,1,1.4025761786102726,1,C.albicans,18.33333333,0.363333333
HSC057,FLC,1,1,1.6123344057146176,1.15212294197717,C.albicans,18.33333333,0.363333333
HSC057,FLC,16,1,1.558853448387565,1.0982385895130562,C.albicans,18.33333333,0.363333333
HSC057,FLC,2,1,1.5250583208303945,1.099148752072647,C.albicans,18.33333333,0.363333333
HSC057,FLC,32,1,1.4542430833646742,1.0450359303102639,C.albicans,18.33333333,0.363333333
HSC057,FLC,4,1,1.5737689917626976,1.1558742153532977,C.albicans,18.33333333,0.363333333
HSC057,FLC,8,1,1.6551997961350444,1.1800169559935691,C.albicans,18.33333333,0.363333333
HSC058,BA,0.78,0.390625,1.1349826386281965,0.9086416415228906,C.albicans,13.66666667,0.09
HSC058,BA,0.2,0.390625,1.4874836552039368,1,C.albicans,13.66666667,0.09
HSC058,BA,0.39,0.390625,1.1291804988038343,0.863086905784748,C.albicans,13.66666667,0.09
HSC058,BA,3.12,0.390625,1.277429375765435,0.8658704552184994,C.albicans,13.66666667,0.09
HSC058,BA,6.25,0.390625,0.788283761876818,0.5968512218438599,C.albicans,13.66666667,0.09
HSC058,BA,1.56,0.390625,1.1018515793412589,0.8548432009629318,C.albicans,13.66666667,0.09
HSC058,BA,12.5,0.390625,0.7216011983881344,0.5724634770156213,C.albicans,13.66666667,0.09
HSC058,FLC,0.5,1,1.3640120560161169,1,C.albicans,17.83333333,0.373333333
HSC058,FLC,1,1,1.6426044464524558,1.1761974970286413,C.albicans,17.83333333,0.373333333
HSC058,FLC,16,1,1.570690141762815,1.113459015579036,C.albicans,17.83333333,0.373333333
HSC058,FLC,2,1,1.507150011808943,1.110027727290565,C.albicans,17.83333333,0.373333333
HSC058,FLC,32,1,1.3326736495307152,1.0114751570748723,C.albicans,17.83333333,0.373333333
HSC058,FLC,4,1,1.5527331485149818,1.1468139304006149,C.albicans,17.83333333,0.373333333
HSC058,FLC,8,1,1.5817405991460973,1.1492353476377222,C.albicans,17.83333333,0.373333333
HSC059,BA,3.12,0.78125,1.1735540299635108,0.7277679197261205,C.albicans,12,0.14
HSC059,BA,6.25,0.78125,0.8274739010131065,0.6344257323790776,C.albicans,12,0.14
HSC059,BA,0.2,0.78125,1.7915467351151302,1,C.albicans,12,0.14
HSC059,BA,12.5,0.78125,0.7162225718893236,0.6295958385946299,C.albicans,12,0.14
HSC059,BA,1.56,0.78125,1.1431074067468692,0.7634218841277055,C.albicans,12,0.14
HSC059,BA,0.39,0.78125,1.1205621563373147,0.8775153296481157,C.albicans,12,0.14
HSC059,BA,0.78,0.78125,0.8974273882651819,0.7587248956520121,C.albicans,12,0.14
HSC059,FLC,0.5,>32,1.3749725258497845,1,C.albicans,9.5,NA
HSC059,FLC,1,>32,1.8796603066913722,1.149226442804268,C.albicans,9.5,NA
HSC059,FLC,16,>32,2.0583240400779084,1.1252975781900592,C.albicans,9.5,NA
HSC059,FLC,2,>32,1.695672862536464,1.113464752247307,C.albicans,9.5,NA
HSC059,FLC,32,>32,1.8762531317996145,1.0668120014850968,C.albicans,9.5,NA
HSC059,FLC,4,>32,1.5808936583703814,1.102953569284286,C.albicans,9.5,NA
HSC059,FLC,8,>32,1.5994201718443135,1.0906918278548212,C.albicans,9.5,NA
HSC061,BA,0.2,0.390625,1.6748220782438674,1,C.albicans,11.5,0.13
HSC061,BA,12.5,0.390625,0.7258569805923609,0.677164620135055,C.albicans,11.5,0.13
HSC061,BA,0.39,0.390625,0.756767895825309,0.855448791367618,C.albicans,11.5,0.13
HSC061,BA,0.78,0.390625,1.151740701579646,0.9263527647918727,C.albicans,11.5,0.13
HSC061,BA,1.56,0.390625,0.9102921081489513,0.8283628545553471,C.albicans,11.5,0.13
HSC061,BA,6.25,0.390625,0.9192219281051364,0.5908267588164514,C.albicans,11.5,0.13
HSC061,BA,3.12,0.390625,0.9707401201600497,0.6645302910217712,C.albicans,11.5,0.13
HSC062,BA,6.25,0.78125,1.2129823095138599,0.7037632590545558,C.albicans,13.16666667,0.133333333
HSC062,BA,0.2,0.78125,1.5254528216257992,1,C.albicans,13.16666667,0.133333333
HSC062,BA,12.5,0.78125,1.053287141258779,0.6477429903833336,C.albicans,13.16666667,0.133333333
HSC062,BA,3.12,0.78125,1.5426175808473637,0.9396290240445668,C.albicans,13.16666667,0.133333333
HSC062,BA,1.56,0.78125,1.402873075143002,1.038273538090615,C.albicans,13.16666667,0.133333333
HSC062,BA,0.78,0.78125,1.4304625048865642,1.003671421299379,C.albicans,13.16666667,0.133333333
HSC062,BA,0.39,0.78125,1.4003567753618302,1.0207087483822106,C.albicans,13.16666667,0.133333333
HSC062,FLC,0.5,1,1.4163842901114814,1,C.albicans,20.16666667,0.128333333
HSC062,FLC,1,1,1.5635308489297342,1.1124582312075588,C.albicans,20.16666667,0.128333333
HSC062,FLC,16,1,1.5051796273293925,1.1041392952667421,C.albicans,20.16666667,0.128333333
HSC062,FLC,2,1,1.5806133804707039,1.1664600054949055,C.albicans,20.16666667,0.128333333
HSC062,FLC,32,1,1.3934666364104777,1.0617552686041758,C.albicans,20.16666667,0.128333333
HSC062,FLC,4,1,1.5982878809264596,1.194234744674844,C.albicans,20.16666667,0.128333333
HSC062,FLC,8,1,1.655201463733749,1.183092970265432,C.albicans,20.16666667,0.128333333
HSC063,BA,0.39,0.78125,1.308522393403698,1.041186873840676,C.albicans,11.75,0.135
HSC063,BA,0.2,0.78125,1.5617141294099979,1,C.albicans,11.75,0.135
HSC063,BA,12.5,0.78125,0.836915809664777,0.7003206651622969,C.albicans,11.75,0.135
HSC063,BA,1.56,0.78125,0.9545176548385274,0.8290533421518237,C.albicans,11.75,0.135
HSC063,BA,3.12,0.78125,1.123845124640025,0.7649166063284064,C.albicans,11.75,0.135
HSC063,BA,6.25,0.78125,1.038701708521708,0.6236263844621689,C.albicans,11.75,0.135
HSC063,BA,0.78,0.78125,1.2524796378178387,1.0465163482895676,C.albicans,11.75,0.135
HSC063,FLC,0.5,2,1.389140221492749,1,C.albicans,18,0.4025
HSC063,FLC,1,2,1.6852230350810788,1.1468442988927434,C.albicans,18,0.4025
HSC063,FLC,16,2,1.6790087571125671,1.0489451002477912,C.albicans,18,0.4025
HSC063,FLC,2,2,1.4451473849557914,1.0987361954472776,C.albicans,18,0.4025
HSC063,FLC,32,2,1.5004465927009019,0.9952044010077815,C.albicans,18,0.4025
HSC063,FLC,4,2,1.5244384253641432,1.1388673895568324,C.albicans,18,0.4025
HSC063,FLC,8,2,1.6550169244493258,1.1219288520340298,C.albicans,18,0.4025
HSC074,BA,3.12,0.78125,0.9087071318983198,0.6901414970631422,C.albicans,13.83333333,0.125
HSC074,BA,0.2,0.78125,1.4620567720416857,1,C.albicans,13.83333333,0.125
HSC074,BA,6.25,0.78125,0.7462298064429338,0.6585693850324591,C.albicans,13.83333333,0.125
HSC074,BA,1.56,0.78125,0.842639994960619,0.8688746941659345,C.albicans,13.83333333,0.125
HSC074,BA,0.39,0.78125,1.3943454303385672,0.9935527712546285,C.albicans,13.83333333,0.125
HSC074,BA,12.5,0.78125,0.7033310093815761,0.7462906069550348,C.albicans,13.83333333,0.125
HSC074,BA,0.78,0.78125,1.0381508888848554,1.068741241963155,C.albicans,13.83333333,0.125
HSC074,FLC,0.5,1,1.3126464839692287,1,C.albicans,19.66666667,0.353333333
HSC074,FLC,1,1,1.5779079589433398,1.1003755597404319,C.albicans,19.66666667,0.353333333
HSC074,FLC,16,1,1.4262495519865792,1.0380679323299504,C.albicans,19.66666667,0.353333333
HSC074,FLC,2,1,1.2669350413378664,1.0528741400482238,C.albicans,19.66666667,0.353333333
HSC074,FLC,32,1,1.4348063737599377,1.1363249253619927,C.albicans,19.66666667,0.353333333
HSC074,FLC,4,1,1.2332707030453116,1.0188289452259536,C.albicans,19.66666667,0.353333333
HSC074,FLC,8,1,1.2796576842377283,1.020682801587643,C.albicans,19.66666667,0.353333333
HSC077,BA,0.39,0.78125,1.256337124871344,1.0071637079975437,C.albicans,16.5,0.121666667
HSC077,BA,12.5,0.78125,0.9335516345871478,0.8322321151026919,C.albicans,16.5,0.121666667
HSC077,BA,0.2,0.78125,1.3985815782169218,1,C.albicans,16.5,0.121666667
HSC077,BA,6.25,0.78125,1.0610728215513678,0.7375070593814019,C.albicans,16.5,0.121666667
HSC077,BA,3.12,0.78125,1.0790142882346618,0.81987028950198,C.albicans,16.5,0.121666667
HSC077,BA,1.56,0.78125,1.1727443720285524,0.9016987631680088,C.albicans,16.5,0.121666667
HSC077,BA,0.78,0.78125,1.2319592575841773,1.0217599761780227,C.albicans,16.5,0.121666667
HSC077,FLC,0.5,>32,1.3441485916401563,1,C.albicans,19.5,0.421666667
HSC077,FLC,1,>32,1.4604247821287586,0.9808230955913186,C.albicans,19.5,0.421666667
HSC077,FLC,16,>32,1.5297056864817526,0.949287195191145,C.albicans,19.5,0.421666667
HSC077,FLC,2,>32,1.4174174487267874,0.9573634359615315,C.albicans,19.5,0.421666667
HSC077,FLC,32,>32,1.5096877276619258,0.9212770762195085,C.albicans,19.5,0.421666667
HSC077,FLC,4,>32,1.422734719038304,0.936674814802338,C.albicans,19.5,0.421666667
HSC077,FLC,8,>32,1.4537781942393633,0.9289569777861095,C.albicans,19.5,0.421666667
HSC078,BA,3.12,0.78125,0.9022311432315767,0.6360987504610902,C.albicans,12.5,0.148333333
HSC078,BA,6.25,0.78125,0.9179591786812639,0.7341074808475241,C.albicans,12.5,0.148333333
HSC078,BA,1.56,0.78125,1.172651881769748,0.7776795286388821,C.albicans,12.5,0.148333333
HSC078,BA,12.5,0.78125,0.9252524209260786,0.7982783611651343,C.albicans,12.5,0.148333333
HSC078,BA,0.2,0.78125,1.480109607012022,1,C.albicans,12.5,0.148333333
HSC078,BA,0.39,0.78125,1.3376694149959025,1.0176127345062953,C.albicans,12.5,0.148333333
HSC078,BA,0.78,0.78125,1.2980956483805604,1.0070370266244895,C.albicans,12.5,0.148333333
HSC078,FLC,0.5,1,1.370902315402398,1,C.albicans,17,0.315
HSC078,FLC,1,1,1.5499024926884193,1.104024690956332,C.albicans,17,0.315
HSC078,FLC,16,1,1.561384991270718,1.2025563732950155,C.albicans,17,0.315
HSC078,FLC,2,1,1.4676934384212856,1.1808740618278821,C.albicans,17,0.315
HSC078,FLC,32,1,1.5178501193451923,1.0708745122521375,C.albicans,17,0.315
HSC078,FLC,4,1,1.5756852809161577,1.1674700033550671,C.albicans,17,0.315
HSC078,FLC,8,1,1.5510296091136755,1.170820055812259,C.albicans,17,0.315
HSC080,BA,0.39,0.78125,1.4787037774167129,0.9889157964329196,C.albicans,12.16666667,0.136666667
HSC080,BA,12.5,0.78125,0.8468564449143872,0.694901626634067,C.albicans,12.16666667,0.136666667
HSC080,BA,0.78,0.78125,1.2640985925050074,0.981693229004388,C.albicans,12.16666667,0.136666667
HSC080,BA,1.56,0.78125,1.0171792075647712,0.946069846892577,C.albicans,12.16666667,0.136666667
HSC080,BA,0.2,0.78125,1.531588359407851,1,C.albicans,12.16666667,0.136666667
HSC080,BA,6.25,0.78125,0.9039299046870016,0.6878526759100415,C.albicans,12.16666667,0.136666667
HSC080,BA,3.12,0.78125,0.874084150493983,0.8317218266841359,C.albicans,12.16666667,0.136666667
HSC080,FLC,0.5,1,1.4442570726928763,1,C.albicans,19.16666667,0.278333333
HSC080,FLC,1,1,1.5271977133599561,1.151931278929104,C.albicans,19.16666667,0.278333333
HSC080,FLC,16,1,1.6185121687097699,1.215743830949738,C.albicans,19.16666667,0.278333333
HSC080,FLC,2,1,1.4727280426141722,1.1559256322205942,C.albicans,19.16666667,0.278333333
HSC080,FLC,32,1,1.6904472243652564,1.131475927596676,C.albicans,19.16666667,0.278333333
HSC080,FLC,4,1,1.7071151031146983,1.2378428174088991,C.albicans,19.16666667,0.278333333
HSC080,FLC,8,1,1.5885259370839793,1.202049669787507,C.albicans,19.16666667,0.278333333
HSC081,BA,3.12,0.78125,0.9451723496425438,0.8300637852525574,C.albicans,11.16666667,0.135
HSC081,BA,6.25,0.78125,0.9146471568668395,0.7539874349652304,C.albicans,11.16666667,0.135
HSC081,BA,12.5,0.78125,0.811681581235359,0.738835125628647,C.albicans,11.16666667,0.135
HSC081,BA,0.2,0.78125,1.4628856937837191,1,C.albicans,11.16666667,0.135
HSC081,BA,0.78,0.78125,1.296819533086044,1.078324105837579,C.albicans,11.16666667,0.135
HSC081,BA,1.56,0.78125,1.1227803742753113,0.9303766073654717,C.albicans,11.16666667,0.135
HSC081,BA,0.39,0.78125,1.4353978336225126,1.087104446006592,C.albicans,11.16666667,0.135
HSC081,FLC,0.5,1,1.3107145674887386,1,C.albicans,19.16666667,0.286666667
HSC081,FLC,1,1,1.368121415985503,1.1610554394470196,C.albicans,19.16666667,0.286666667
HSC081,FLC,16,1,1.3817217295691606,1.137391592877588,C.albicans,19.16666667,0.286666667
HSC081,FLC,2,1,1.4050150843257012,1.193224886733172,C.albicans,19.16666667,0.286666667
HSC081,FLC,32,1,1.4168120414120782,0.998409291844174,C.albicans,19.16666667,0.286666667
HSC081,FLC,4,1,1.5534162960810811,1.2315983042765173,C.albicans,19.16666667,0.286666667
HSC081,FLC,8,1,1.5238111935840584,1.2126676227559738,C.albicans,19.16666667,0.286666667
HSC082,BA,0.78,0.78125,1.2635132539832454,1.0183705683536435,C.albicans,11.83333333,0.156666667
HSC082,BA,0.39,0.78125,1.47772797277381,1.034484109848025,C.albicans,11.83333333,0.156666667
HSC082,BA,3.12,0.78125,0.8887111600333171,0.6200505132142172,C.albicans,11.83333333,0.156666667
HSC082,BA,1.56,0.78125,0.9837376343248673,0.8285969301564349,C.albicans,11.83333333,0.156666667
HSC082,BA,12.5,0.78125,0.85372079159263,0.6019938478621268,C.albicans,11.83333333,0.156666667
HSC082,BA,0.2,0.78125,1.5435098654423018,1,C.albicans,11.83333333,0.156666667
HSC082,BA,6.25,0.78125,0.9054328729512876,0.614031249413091,C.albicans,11.83333333,0.156666667
HSC082,FLC,0.5,4,1.3590943321771967,1,C.albicans,17,0.333333333
HSC082,FLC,1,4,1.5167014147163316,1.1530611689081893,C.albicans,17,0.333333333
HSC082,FLC,16,4,1.537490299633634,1.0887998449366925,C.albicans,17,0.333333333
HSC082,FLC,2,4,1.4879998054360417,1.138346542613596,C.albicans,17,0.333333333
HSC082,FLC,32,4,1.4172168893162294,0.94984534858175,C.albicans,17,0.333333333
HSC082,FLC,4,4,1.584319241090949,1.175062068831527,C.albicans,17,0.333333333
HSC082,FLC,8,4,1.5541789546537523,1.0959395806500858,C.albicans,17,0.333333333
HSC083,BA,6.25,0.78125,0.6666140561465008,1.020564297754173,C.albicans,13,0.151666667
HSC083,BA,12.5,0.78125,0.49216864717585346,0.7800735620494332,C.albicans,13,0.151666667
HSC083,BA,3.12,0.78125,0.8096592915024318,0.8972201183379082,C.albicans,13,0.151666667
HSC083,BA,1.56,0.78125,1.01841229757064,0.8771009482923456,C.albicans,13,0.151666667
HSC083,BA,0.78,0.78125,1.3498585746148704,0.981252185105958,C.albicans,13,0.151666667
HSC083,BA,0.39,0.78125,1.653393586223797,1.0575040983984292,C.albicans,13,0.151666667
HSC083,BA,0.2,0.78125,1.6702566424242928,1,C.albicans,13,0.151666667
HSC090,BA,0.2,0.78125,1.5405753405277935,1,C.albicans,13.33333333,0.16166666699999999
HSC090,BA,1.56,0.78125,0.931877422226808,0.6998931892206397,C.albicans,13.33333333,0.16166666699999999
HSC090,BA,12.5,0.78125,0.9568954651074356,0.8328943792071463,C.albicans,13.33333333,0.16166666699999999
HSC090,BA,0.78,0.78125,1.1253205037859468,0.9544933309151771,C.albicans,13.33333333,0.16166666699999999
HSC090,BA,0.39,0.78125,1.479370485623401,1.0562765886819203,C.albicans,13.33333333,0.16166666699999999
HSC090,BA,6.25,0.78125,1.0163133169489262,0.7920927326652232,C.albicans,13.33333333,0.16166666699999999
HSC090,BA,3.12,0.78125,0.8831815887627291,0.617999075603047,C.albicans,13.33333333,0.16166666699999999
HSC090,FLC,0.5,1,1.308244655049533,1,C.albicans,19.5,0.25
HSC090,FLC,1,1,1.5054737890628056,1.1919195538072775,C.albicans,19.5,0.25
HSC090,FLC,16,1,1.623867181344338,1.1648293773366931,C.albicans,19.5,0.25
HSC090,FLC,2,1,1.4702493087145814,1.140787167517205,C.albicans,19.5,0.25
HSC090,FLC,32,1,1.5061726874824133,1.0523311552299597,C.albicans,19.5,0.25
HSC090,FLC,4,1,1.497436457237318,1.1527458145704375,C.albicans,19.5,0.25
HSC090,FLC,8,1,1.5924866423039554,1.162321134914535,C.albicans,19.5,0.25
HSC094,BA,0.78,0.78125,0.9597280614121427,0.9957477518186775,C.albicans,12.66666667,0.16
HSC094,BA,12.5,0.78125,0.638827264839866,0.7098424578918313,C.albicans,12.66666667,0.16
HSC094,BA,3.12,0.78125,0.7687177292440208,0.7642422187354642,C.albicans,12.66666667,0.16
HSC094,BA,1.56,0.78125,0.7335587617117247,0.8902241768096675,C.albicans,12.66666667,0.16
HSC094,BA,0.39,0.78125,1.2723763863875972,0.9456702670019191,C.albicans,12.66666667,0.16
HSC094,BA,0.2,0.78125,1.5804686593356392,1,C.albicans,12.66666667,0.16
HSC094,BA,6.25,0.78125,0.7639037874792076,0.6273544494211484,C.albicans,12.66666667,0.16
HSC094,FLC,0.5,1,1.3416907812901695,1,C.albicans,18.16666667,0.406666667
HSC094,FLC,1,1,1.431729212204242,1.1202961390406831,C.albicans,18.16666667,0.406666667
HSC094,FLC,16,1,1.5437455278296233,1.1270409713874692,C.albicans,18.16666667,0.406666667
HSC094,FLC,2,1,1.3173024189008458,1.0985978900392523,C.albicans,18.16666667,0.406666667
HSC094,FLC,32,1,1.5613278355986704,1.0384086019620395,C.albicans,18.16666667,0.406666667
HSC094,FLC,4,1,1.2822086997650461,1.0705540687846704,C.albicans,18.16666667,0.406666667
HSC094,FLC,8,1,1.453210822099489,1.134302760822478,C.albicans,18.16666667,0.406666667
HSC097,BA,0.2,0.390625,1.6128061818717443,1,C.albicans,14.66666667,0.105
HSC097,BA,0.39,0.390625,1.5316997792736233,1.006393745191109,C.albicans,14.66666667,0.105
HSC097,BA,0.78,0.390625,1.2996496085132152,1.0740752799963547,C.albicans,14.66666667,0.105
HSC097,BA,3.12,0.390625,1.0735789267912321,0.6981147503576512,C.albicans,14.66666667,0.105
HSC097,BA,6.25,0.390625,1.0435281613673535,0.5869010152952511,C.albicans,14.66666667,0.105
HSC097,BA,12.5,0.390625,0.9976087519568864,0.7680327468678447,C.albicans,14.66666667,0.105
HSC097,BA,1.56,0.390625,0.9874896166610905,0.8707892209478694,C.albicans,14.66666667,0.105
HSC097,FLC,0.5,1,1.4992021119901322,1,C.albicans,21,0.301666667
HSC097,FLC,1,1,1.5671197433721393,1.0762494401870835,C.albicans,21,0.301666667
HSC097,FLC,16,1,1.7059635390877377,1.0518435564673163,C.albicans,21,0.301666667
HSC097,FLC,2,1,1.5101832572634135,1.035716700653186,C.albicans,21,0.301666667
HSC097,FLC,32,1,1.5489933323388463,0.9220364749913131,C.albicans,21,0.301666667
HSC097,FLC,4,1,1.5495950389291628,1.0836951461003324,C.albicans,21,0.301666667
HSC097,FLC,8,1,1.5781761019692104,1.0289675719636373,C.albicans,21,0.301666667
HSC098,BA,1.56,0.390625,0.5614732396760128,0.9375944698919505,C.albicans,12,0.1175
HSC098,BA,12.5,0.390625,0.4810647909053468,0.6590099524405902,C.albicans,12,0.1175
HSC098,BA,0.78,0.390625,0.8106740581424995,0.9705921183698024,C.albicans,12,0.1175
HSC098,BA,0.39,0.390625,1.1453823977407187,0.9205781760561905,C.albicans,12,0.1175
HSC098,BA,6.25,0.390625,0.5453915499218795,0.5707384746679146,C.albicans,12,0.1175
HSC098,BA,3.12,0.390625,0.4507318476292582,0.6686267032199085,C.albicans,12,0.1175
HSC098,BA,0.2,0.390625,1.3893533984009832,1,C.albicans,12,0.1175
HSC098,FLC,0.5,>32,1.034408388262022,1,C.albicans,9.5,0.89
HSC098,FLC,1,>32,1.2078964990945391,1.1911878290267202,C.albicans,9.5,0.89
HSC098,FLC,16,>32,1.4433577074741828,1.17409439740429,C.albicans,9.5,0.89
HSC098,FLC,2,>32,1.1266367885939554,1.1812915048137635,C.albicans,9.5,0.89
HSC098,FLC,32,>32,1.428915599196239,1.10546650494032,C.albicans,9.5,0.89
HSC098,FLC,4,>32,0.9744462171839761,1.1113273243385677,C.albicans,9.5,0.89
HSC098,FLC,8,>32,1.2365979041532378,1.1885618216181786,C.albicans,9.5,0.89
HSC099,BA,0.2,0.390625,1.5578365209367608,1,C.albicans,15,0.098333333
HSC099,BA,1.56,0.390625,1.2166228745322498,0.9225539975658462,C.albicans,15,0.098333333
HSC099,BA,0.39,0.390625,1.4814586260446967,1.087733035104452,C.albicans,15,0.098333333
HSC099,BA,6.25,0.390625,0.9805395508917486,0.5691272963385571,C.albicans,15,0.098333333
HSC099,BA,0.78,0.390625,1.204495073202377,1.0146129362747285,C.albicans,15,0.098333333
HSC099,BA,3.12,0.390625,0.900482435371521,0.6611359743688998,C.albicans,15,0.098333333
HSC099,BA,12.5,0.390625,0.8221967964500388,0.6298342725512079,C.albicans,15,0.098333333
HSC099,FLC,0.5,>32,1.3859158641128817,1,C.albicans,18,0.416666667
HSC099,FLC,1,>32,1.5337026412199382,1.0718808159948572,C.albicans,18,0.416666667
HSC099,FLC,16,>32,1.578439495882267,1.021493643355492,C.albicans,18,0.416666667
HSC099,FLC,2,>32,1.4135854794242642,1.0185516826658618,C.albicans,18,0.416666667
HSC099,FLC,32,>32,1.5587863111751166,0.9681149041272328,C.albicans,18,0.416666667
HSC099,FLC,4,>32,1.4932325963953461,1.0610944752963138,C.albicans,18,0.416666667
HSC099,FLC,8,>32,1.5093947548716211,1.0923994466925706,C.albicans,18,0.416666667
HSC100,BA,12.5,0.78125,0.8200337278849151,0.8102637218891509,C.albicans,12,0.126666667
HSC100,BA,1.56,0.78125,1.1345459806873055,0.9628950211840788,C.albicans,12,0.126666667
HSC100,BA,0.78,0.78125,1.187489004457408,1.0177820396124093,C.albicans,12,0.126666667
HSC100,BA,0.2,0.78125,1.480440402651974,1,C.albicans,12,0.126666667
HSC100,BA,0.39,0.78125,1.3691065946948457,1.03110054432468,C.albicans,12,0.126666667
HSC100,BA,3.12,0.78125,0.9716502713192952,0.7881908889480843,C.albicans,12,0.126666667
HSC100,BA,6.25,0.78125,0.8857904979877814,0.6626428219261422,C.albicans,12,0.126666667
HSC100,FLC,0.5,1,1.320537814103996,1,C.albicans,17,0.475
HSC100,FLC,1,1,1.4377884926867432,1.0522633856790538,C.albicans,17,0.475
HSC100,FLC,16,1,1.5035358809764108,1.070234324623315,C.albicans,17,0.475
HSC100,FLC,2,1,1.4112649998655116,1.071835992574922,C.albicans,17,0.475
HSC100,FLC,32,1,1.5523026204228558,1.0366584395480125,C.albicans,17,0.475
HSC100,FLC,4,1,1.4457174733449423,1.0796702675486454,C.albicans,17,0.475
HSC100,FLC,8,1,1.4681010559110086,1.0792198984438988,C.albicans,17,0.475
HSC105,BA,0.2,0.78125,1.4678231490664002,1,C.albicans,12.33333333,0.111666667
HSC105,BA,0.39,0.78125,1.3838623895053628,0.9965702046939938,C.albicans,12.33333333,0.111666667
HSC105,BA,3.12,0.78125,0.937139874894348,0.7576164788984143,C.albicans,12.33333333,0.111666667
HSC105,BA,0.78,0.78125,1.2447823526752477,1.0299901160891343,C.albicans,12.33333333,0.111666667
HSC105,BA,6.25,0.78125,1.0445743964318965,0.7030507686483805,C.albicans,12.33333333,0.111666667
HSC105,BA,1.56,0.78125,1.2123356850967935,0.9930450952836412,C.albicans,12.33333333,0.111666667
HSC105,BA,12.5,0.78125,0.9772776044173248,0.7698759890707374,C.albicans,12.33333333,0.111666667
HSC105,FLC,0.5,>32,1.308692414029081,1,C.albicans,9.5,NA
HSC105,FLC,1,>32,1.4779492453498013,1.055620280418519,C.albicans,9.5,NA
HSC105,FLC,16,>32,1.6048715937048215,1.0243344653405997,C.albicans,9.5,NA
HSC105,FLC,2,>32,1.4735698160774873,1.0369200434743717,C.albicans,9.5,NA
HSC105,FLC,32,>32,1.7047063610051603,1.005858957675689,C.albicans,9.5,NA
HSC105,FLC,4,>32,1.529772491738848,1.0154098187423626,C.albicans,9.5,NA
HSC105,FLC,8,>32,1.6092510229771353,1.0346198686726376,C.albicans,9.5,NA
yAG104,BA,0.78,0.390625,1.3146393028196757,0.9673495836329442,C.albicans,13.25,0.1575
yAG104,BA,0.39,0.390625,1.6549525908601153,1.0915151299739945,C.albicans,13.25,0.1575
yAG104,BA,12.5,0.390625,0.8985382747943061,0.893831011149175,C.albicans,13.25,0.1575
yAG104,BA,3.12,0.390625,0.8896134637149996,0.696590018249082,C.albicans,13.25,0.1575
yAG104,BA,6.25,0.390625,1.0736694036784016,0.7817137106526298,C.albicans,13.25,0.1575
yAG104,BA,1.56,0.390625,0.9114134120890431,0.8089777404132423,C.albicans,13.25,0.1575
yAG104,BA,0.2,0.390625,1.6280318492438468,1,C.albicans,13.25,0.1575
yAG104,FLC,16,2,1.648316150502603,1.0243300340543253,C.albicans,15.25,0.67
yAG104,FLC,0.5,2,1.6986931233953222,1,C.albicans,15.25,0.67
yAG104,FLC,1,2,1.8821205123663471,1.0514432672704874,C.albicans,15.25,0.67
yAG104,FLC,8,2,1.7003493526411104,0.9887280826839993,C.albicans,15.25,0.67
yAG104,FLC,2,2,1.7493461344956729,1.0305305236835027,C.albicans,15.25,0.67
yAG104,FLC,32,2,1.57765036934898,1.0079468203410618,C.albicans,15.25,0.67
yAG104,FLC,4,2,1.8514802713192684,1.0526854706089779,C.albicans,15.25,0.67
yAG98,BA,0.78,0.390625,1.2968414168719133,0.8790498020486218,C.albicans,13.25,0.185
yAG98,BA,0.2,0.390625,1.562400632172626,1,C.albicans,13.25,0.185
yAG98,BA,6.25,0.390625,0.9563868731867717,0.8177218905722335,C.albicans,13.25,0.185
yAG98,BA,0.39,0.390625,1.4393916728717975,1.0553362317866892,C.albicans,13.25,0.185
yAG98,BA,3.12,0.390625,1.0600102433319634,0.8300312993354789,C.albicans,13.25,0.185
yAG98,BA,1.56,0.390625,1.1071117752161415,0.7703009674812369,C.albicans,13.25,0.185
yAG98,BA,12.5,0.390625,0.9610580994893347,0.8476115715878547,C.albicans,13.25,0.185
yAG98,FLC,16,1,1.636625095108698,0.9676045414613826,C.albicans,18,0.7375
yAG98,FLC,8,1,1.6363132480963873,0.9555404137070747,C.albicans,18,0.7375
yAG98,FLC,0.5,1,1.506351005715896,1,C.albicans,18,0.7375
yAG98,FLC,1,1,1.4414868271552665,0.9127069178908064,C.albicans,18,0.7375
yAG98,FLC,4,1,1.5370679364285016,0.9390431066122855,C.albicans,18,0.7375
yAG98,FLC,2,1,1.5935122456567414,0.9764710515889842,C.albicans,18,0.7375
yAG98,FLC,32,1,1.5631071619564465,0.9211712082396324,C.albicans,18,0.7375
