Filename,OrbitId,ELB,Background,Fungi,ROIArea[pixel],ROI-Group
A01_t0.TIF,6601,local,0.9764,0.0236,1391744,0
A01_t01.TIF,6607,local,0.934121,0.065879,1391744,0
A01_t02.TIF,6608,local,0.902255,0.097745,1391744,0
A01_t03.TIF,6609,local,0.748562,0.251438,1391744,0
A01_t04.TIF,6610,local,0.576089,0.423911,1391744,0
A01_t05.TIF,6611,local,0.399074,0.600926,1391744,0
A01_t06.TIF,6612,local,0.244108,0.755892,1391744,0
A01_t07.TIF,6613,local,0.090813,0.909187,1391744,0
A01_t08.TIF,6614,local,0.050587,0.949413,1391744,0
A01_t09.TIF,6615,local,0.010037,0.989963,1391744,0
A01_t10.TIF,6616,local,0.005503,0.994497,1391744,0
A01_t11.TIF,6617,local,0.001532,0.998468,1391744,0
A01_t12.TIF,6618,local,0.000427,0.999573,1391744,0
A01_t13.TIF,6619,local,0.000052,0.999948,1391744,0
A01_t14.TIF,6620,local,0.000044,0.999956,1391744,0
A01_t15.TIF,6621,local,0.000001,0.999999,1391744,0
A01_t16.TIF,6622,local,0,1,1391744,0
A01_t17.TIF,6623,local,0,1,1391744,0
A01_t18.TIF,6604,local,0,1,1391744,0
A01_t19.TIF,6624,local,0.000029,0.999971,1391744,0
A01_t20.TIF,6625,local,0.000006,0.999994,1391744,0
A01_t21.TIF,6626,local,0,1,1391744,0
A01_t22.TIF,6627,local,0.00007,0.99993,1391744,0
A01_t23.TIF,6628,local,0.000036,0.999964,1391744,0
A01_t24.TIF,6605,local,0.000011,0.999989,1391744,0
A02_t0.TIF,6629,local,0.980777,0.019223,1391744,0
A02_t01.TIF,6630,local,0.95879,0.04121,1391744,0
A02_t02.TIF,6631,local,0.922776,0.077224,1391744,0
A02_t03.TIF,6632,local,0.809094,0.190906,1391744,0
A02_t04.TIF,6633,local,0.663465,0.336535,1391744,0
A02_t05.TIF,6634,local,0.582189,0.417811,1391744,0
A02_t06.TIF,6635,local,0.549116,0.450884,1391744,0
A02_t07.TIF,6636,local,0.528297,0.471703,1391744,0
A02_t08.TIF,6637,local,0.467933,0.532067,1391744,0
A02_t09.TIF,6638,local,0.468725,0.531275,1391744,0
A02_t10.TIF,6639,local,0.44045,0.55955,1391744,0
A02_t11.TIF,6640,local,0.427697,0.572303,1391744,0
A02_t12.TIF,6641,local,0.419185,0.580815,1391744,0
A02_t13.TIF,6642,local,0.409512,0.590488,1391744,0
A02_t14.TIF,6643,local,0.354784,0.645216,1391744,0
A02_t15.TIF,6644,local,0.396901,0.603099,1391744,0
A02_t16.TIF,6645,local,0.352864,0.647136,1391744,0
A02_t17.TIF,6646,local,0.35535,0.64465,1391744,0
A02_t18.TIF,6647,local,0.344857,0.655143,1391744,0
A02_t19.TIF,6648,local,0.326369,0.673631,1391744,0
A02_t20.TIF,6649,local,0.334458,0.665542,1391744,0
A02_t21.TIF,6650,local,0.319834,0.680166,1391744,0
A02_t22.TIF,6651,local,0.324161,0.675839,1391744,0
A02_t23.TIF,6652,local,0.33619,0.66381,1391744,0
A02_t24.TIF,6602,local,0.347277,0.652723,1391744,0
A03_t0.TIF,6653,local,0.983282,0.016718,1391744,0
A03_t01.TIF,6654,local,0.958854,0.041146,1391744,0
A03_t02.TIF,6655,local,0.928527,0.071473,1391744,0
A03_t03.TIF,6656,local,0.961371,0.038629,1391744,0
A03_t04.TIF,6657,local,0.914476,0.085524,1391744,0
A03_t05.TIF,6658,local,0.84917,0.15083,1391744,0
A03_t06.TIF,6659,local,0.907752,0.092248,1391744,0
A03_t07.TIF,6660,local,0.728355,0.271645,1391744,0
A03_t08.TIF,6661,local,0.634662,0.365338,1391744,0
A03_t09.TIF,6662,local,0.70687,0.29313,1391744,0
A03_t10.TIF,6663,local,0.537419,0.462581,1391744,0
A03_t11.TIF,6664,local,0.496446,0.503554,1391744,0
A03_t12.TIF,6665,local,0.443946,0.556054,1391744,0
A03_t13.TIF,6666,local,0.370574,0.629426,1391744,0
A03_t14.TIF,6667,local,0.289627,0.710373,1391744,0
A03_t15.TIF,6668,local,0.268642,0.731358,1391744,0
A03_t16.TIF,6669,local,0.179336,0.820664,1391744,0
A03_t17.TIF,6670,local,0.131171,0.868829,1391744,0
A03_t18.TIF,6671,local,0.087038,0.912962,1391744,0
A03_t19.TIF,6672,local,0.03742,0.96258,1391744,0
A03_t20.TIF,6673,local,0.025359,0.974641,1391744,0
A03_t21.TIF,6674,local,0.013591,0.986409,1391744,0
A03_t22.TIF,6675,local,0.012224,0.987776,1391744,0
A03_t23.TIF,6676,local,0.008008,0.991992,1391744,0
A03_t24.TIF,6677,local,0.010584,0.989416,1391744,0
A04_t0.TIF,6678,local,0.976826,0.023174,1391744,0
A04_t01.TIF,6679,local,0.972945,0.027055,1391744,0
A04_t02.TIF,6680,local,0.853926,0.146074,1391744,0
A04_t03.TIF,6681,local,0.777413,0.222587,1391744,0
A04_t04.TIF,6682,local,0.657507,0.342493,1391744,0
A04_t05.TIF,6683,local,0.581728,0.418272,1391744,0
A04_t06.TIF,6684,local,0.571905,0.428095,1391744,0
A04_t07.TIF,6685,local,0.501406,0.498594,1391744,0
A04_t08.TIF,6686,local,0.465321,0.534679,1391744,0
A04_t09.TIF,6687,local,0.464727,0.535273,1391744,0
A04_t10.TIF,6688,local,0.468955,0.531045,1391744,0
A04_t11.TIF,6689,local,0.435462,0.564538,1391744,0
A04_t12.TIF,6690,local,0.412132,0.587868,1391744,0
A04_t13.TIF,6691,local,0.409263,0.590737,1391744,0
A04_t14.TIF,6692,local,0.408372,0.591628,1391744,0
A04_t15.TIF,6693,local,0.381941,0.618059,1391744,0
A04_t16.TIF,6694,local,0.365298,0.634702,1391744,0
A04_t17.TIF,6695,local,0.381419,0.618581,1391744,0
A04_t18.TIF,6696,local,0.335687,0.664313,1391744,0
A04_t19.TIF,6697,local,0.325775,0.674225,1391744,0
A04_t20.TIF,6698,local,0.315196,0.684804,1391744,0
A04_t21.TIF,6699,local,0.31738,0.68262,1391744,0
A04_t22.TIF,6700,local,0.306913,0.693087,1391744,0
A04_t23.TIF,6701,local,0.341247,0.658753,1391744,0
A04_t24.TIF,6702,local,0.344167,0.655833,1391744,0
A05_t0.TIF,6703,local,0.980253,0.019747,1391744,0
A05_t01.TIF,6704,local,0.984848,0.015152,1391744,0
A05_t02.TIF,6705,local,0.892684,0.107316,1391744,0
A05_t03.TIF,6706,local,0.86374,0.13626,1391744,0
A05_t04.TIF,6707,local,0.86637,0.13363,1391744,0
A05_t05.TIF,6708,local,0.871185,0.128815,1391744,0
A05_t06.TIF,6709,local,0.891136,0.108864,1391744,0
A05_t07.TIF,6710,local,0.915195,0.084805,1391744,0
A05_t08.TIF,6711,local,0.91708,0.08292,1391744,0
A05_t09.TIF,6712,local,0.846992,0.153008,1391744,0
A05_t10.TIF,6713,local,0.799948,0.200052,1391744,0
A05_t11.TIF,6714,local,0.758238,0.241762,1391744,0
A05_t12.TIF,6715,local,0.694445,0.305555,1391744,0
A05_t13.TIF,6716,local,0.67564,0.32436,1391744,0
A05_t14.TIF,6717,local,0.679308,0.320692,1391744,0
A05_t15.TIF,6718,local,0.622681,0.377319,1391744,0
A05_t16.TIF,6719,local,0.611121,0.388879,1391744,0
A05_t17.TIF,6720,local,0.541474,0.458526,1391744,0
A05_t18.TIF,6721,local,0.559485,0.440515,1391744,0
A05_t19.TIF,6722,local,0.615273,0.384727,1391744,0
A05_t20.TIF,6723,local,0.426084,0.573916,1391744,0
A05_t21.TIF,6724,local,0.391038,0.608962,1391744,0
A05_t22.TIF,6725,local,0.476156,0.523844,1391744,0
A05_t23.TIF,6726,local,0.344205,0.655795,1391744,0
A05_t24.TIF,6727,local,0.381609,0.618391,1391744,0
A06_t0.TIF,6728,local,0.979216,0.020784,1391744,0
A06_t01.TIF,6729,local,0.987638,0.012362,1391744,0
A06_t02.TIF,6730,local,0.937326,0.062674,1391744,0
A06_t03.TIF,6731,local,0.758985,0.241015,1391744,0
A06_t04.TIF,6732,local,0.816183,0.183817,1391744,0
A06_t05.TIF,6733,local,0.628308,0.371692,1391744,0
A06_t06.TIF,6734,local,0.566718,0.433282,1391744,0
A06_t07.TIF,6735,local,0.432877,0.567123,1391744,0
A06_t08.TIF,6736,local,0.478529,0.521471,1391744,0
A06_t09.TIF,6737,local,0.426202,0.573798,1391744,0
A06_t10.TIF,6738,local,0.44309,0.55691,1391744,0
A06_t11.TIF,6739,local,0.436505,0.563495,1391744,0
A06_t12.TIF,6740,local,0.421645,0.578355,1391744,0
A06_t13.TIF,6741,local,0.418599,0.581401,1391744,0
A06_t14.TIF,6742,local,0.38205,0.61795,1391744,0
A06_t15.TIF,6743,local,0.402893,0.597107,1391744,0
A06_t16.TIF,6744,local,0.336951,0.663049,1391744,0
A06_t17.TIF,6745,local,0.391268,0.608732,1391744,0
A06_t18.TIF,6746,local,0.364078,0.635922,1391744,0
A06_t19.TIF,6747,local,0.30983,0.69017,1391744,0
A06_t20.TIF,6748,local,0.334263,0.665737,1391744,0
A06_t21.TIF,6749,local,0.342126,0.657874,1391744,0
A06_t22.TIF,6750,local,0.316176,0.683824,1391744,0
A06_t23.TIF,6751,local,0.367846,0.632154,1391744,0
A06_t24.TIF,6752,local,0.376715,0.623285,1391744,0
A07_t0.TIF,6753,local,0.977498,0.022502,1391744,0
A07_t01.TIF,6754,local,0.948822,0.051178,1391744,0
A07_t02.TIF,6755,local,0.905346,0.094654,1391744,0
A07_t03.TIF,6756,local,0.878701,0.121299,1391744,0
A07_t04.TIF,6757,local,0.89331,0.10669,1391744,0
A07_t05.TIF,6758,local,0.87412,0.12588,1391744,0
A07_t06.TIF,6759,local,0.887021,0.112979,1391744,0
A07_t07.TIF,6760,local,0.883178,0.116822,1391744,0
A07_t08.TIF,6761,local,0.867484,0.132516,1391744,0
A07_t09.TIF,6762,local,0.877882,0.122118,1391744,0
A07_t10.TIF,6763,local,0.880134,0.119866,1391744,0
A07_t11.TIF,6764,local,0.881253,0.118747,1391744,0
A07_t12.TIF,6765,local,0.869412,0.130588,1391744,0
A07_t13.TIF,6766,local,0.906462,0.093538,1391744,0
A07_t14.TIF,6767,local,0.873717,0.126283,1391744,0
A07_t15.TIF,6768,local,0.90318,0.09682,1391744,0
A07_t16.TIF,6769,local,0.923226,0.076774,1391744,0
A07_t17.TIF,6770,local,0.937898,0.062102,1391744,0
A07_t18.TIF,6771,local,0.940074,0.059926,1391744,0
A07_t19.TIF,6772,local,0.923231,0.076769,1391744,0
A07_t20.TIF,6773,local,0.886135,0.113865,1391744,0
A07_t21.TIF,6774,local,0.880749,0.119251,1391744,0
A07_t22.TIF,6775,local,0.920119,0.079881,1391744,0
A07_t23.TIF,6776,local,0.887279,0.112721,1391744,0
A07_t24.TIF,6777,local,0.906299,0.093701,1391744,0
A08_t0.TIF,6778,local,0.978107,0.021893,1391744,0
A08_t01.TIF,6779,local,0.965722,0.034278,1391744,0
A08_t02.TIF,6780,local,0.824529,0.175471,1391744,0
A08_t03.TIF,6781,local,0.852511,0.147489,1391744,0
A08_t04.TIF,6782,local,0.676104,0.323896,1391744,0
A08_t05.TIF,6783,local,0.535636,0.464364,1391744,0
A08_t06.TIF,6784,local,0.568274,0.431726,1391744,0
A08_t07.TIF,6785,local,0.448696,0.551304,1391744,0
A08_t08.TIF,6786,local,0.453001,0.546999,1391744,0
A08_t09.TIF,6787,local,0.384076,0.615924,1391744,0
A08_t10.TIF,6788,local,0.393121,0.606879,1391744,0
A08_t11.TIF,6789,local,0.375635,0.624365,1391744,0
A08_t12.TIF,6790,local,0.375889,0.624111,1391744,0
A08_t13.TIF,6791,local,0.356653,0.643347,1391744,0
A08_t14.TIF,6792,local,0.391999,0.608001,1391744,0
A08_t15.TIF,6793,local,0.339945,0.660055,1391744,0
A08_t16.TIF,6794,local,0.297129,0.702871,1391744,0
A08_t17.TIF,6795,local,0.298129,0.701871,1391744,0
A08_t18.TIF,6796,local,0.32172,0.67828,1391744,0
A08_t19.TIF,6797,local,0.245422,0.754578,1391744,0
A08_t20.TIF,6798,local,0.306206,0.693794,1391744,0
A08_t21.TIF,6799,local,0.289598,0.710402,1391744,0
A08_t22.TIF,6800,local,0.274476,0.725524,1391744,0
A08_t23.TIF,6801,local,0.302661,0.697339,1391744,0
A08_t24.TIF,6802,local,0.28898,0.71102,1391744,0
A09_t0.TIF,6803,local,0.971358,0.028642,1391744,0
A09_t01.TIF,6804,local,0.936058,0.063942,1391744,0
A09_t02.TIF,6805,local,0.91549,0.08451,1391744,0
A09_t03.TIF,6806,local,0.932003,0.067997,1391744,0
A09_t04.TIF,6807,local,0.914283,0.085717,1391744,0
A09_t05.TIF,6808,local,0.91634,0.08366,1391744,0
A09_t06.TIF,6809,local,0.911111,0.088889,1391744,0
A09_t07.TIF,6810,local,0.902142,0.097858,1391744,0
A09_t08.TIF,6811,local,0.9184,0.0816,1391744,0
A09_t09.TIF,6812,local,0.900496,0.099504,1391744,0
A09_t10.TIF,6813,local,0.913615,0.086385,1391744,0
A09_t11.TIF,6814,local,0.917455,0.082545,1391744,0
A09_t12.TIF,6815,local,0.908406,0.091594,1391744,0
A09_t13.TIF,6816,local,0.912706,0.087294,1391744,0
A09_t14.TIF,6817,local,0.901566,0.098434,1391744,0
A09_t15.TIF,6818,local,0.909755,0.090245,1391744,0
A09_t16.TIF,6819,local,0.896893,0.103107,1391744,0
A09_t17.TIF,6820,local,0.92288,0.07712,1391744,0
A09_t18.TIF,6821,local,0.918799,0.081201,1391744,0
A09_t19.TIF,6822,local,0.906855,0.093145,1391744,0
A09_t20.TIF,6823,local,0.931502,0.068498,1391744,0
A09_t21.TIF,6824,local,0.955802,0.044198,1391744,0
A09_t22.TIF,6825,local,0.922978,0.077022,1391744,0
A09_t23.TIF,6826,local,0.950977,0.049023,1391744,0
A09_t24.TIF,6827,local,0.920205,0.079795,1391744,0
A10_t0.TIF,6828,local,0.979551,0.020449,1391744,0
A10_t01.TIF,6829,local,0.933328,0.066672,1391744,0
A10_t02.TIF,6830,local,0.853708,0.146292,1391744,0
A10_t03.TIF,6831,local,0.854747,0.145253,1391744,0
A10_t04.TIF,6832,local,0.745584,0.254416,1391744,0
A10_t05.TIF,6833,local,0.664594,0.335406,1391744,0
A10_t06.TIF,6834,local,0.606292,0.393708,1391744,0
A10_t07.TIF,6835,local,0.479978,0.520022,1391744,0
A10_t08.TIF,6836,local,0.458527,0.541473,1391744,0
A10_t09.TIF,6837,local,0.384962,0.615038,1391744,0
A10_t10.TIF,6838,local,0.466695,0.533305,1391744,0
A10_t11.TIF,6839,local,0.429676,0.570324,1391744,0
A10_t12.TIF,6840,local,0.420248,0.579752,1391744,0
A10_t13.TIF,6841,local,0.398407,0.601593,1391744,0
A10_t14.TIF,6842,local,0.370442,0.629558,1391744,0
A10_t15.TIF,6843,local,0.373557,0.626443,1391744,0
A10_t16.TIF,6844,local,0.289574,0.710426,1391744,0
A10_t17.TIF,6845,local,0.342481,0.657519,1391744,0
A10_t18.TIF,6846,local,0.327445,0.672555,1391744,0
A10_t19.TIF,6847,local,0.252877,0.747123,1391744,0
A10_t20.TIF,6848,local,0.33842,0.66158,1391744,0
A10_t21.TIF,6849,local,0.337889,0.662111,1391744,0
A10_t22.TIF,6850,local,0.259129,0.740871,1391744,0
A10_t23.TIF,6851,local,0.342991,0.657009,1391744,0
A10_t24.TIF,6852,local,0.305835,0.694165,1391744,0
A11_t0.TIF,6853,local,0.980334,0.019666,1391744,0
A11_t01.TIF,6854,local,0.91865,0.08135,1391744,0
A11_t02.TIF,6855,local,0.907299,0.092701,1391744,0
A11_t03.TIF,6856,local,0.902115,0.097885,1391744,0
A11_t04.TIF,6857,local,0.891978,0.108022,1391744,0
A11_t05.TIF,6858,local,0.890619,0.109381,1391744,0
A11_t06.TIF,6859,local,0.881194,0.118806,1391744,0
A11_t07.TIF,6860,local,0.884462,0.115538,1391744,0
A11_t08.TIF,6861,local,0.90773,0.09227,1391744,0
A11_t09.TIF,6862,local,0.90864,0.09136,1391744,0
A11_t10.TIF,6863,local,0.880853,0.119147,1391744,0
A11_t11.TIF,6864,local,0.87743,0.12257,1391744,0
A11_t12.TIF,6865,local,0.87405,0.12595,1391744,0
A11_t13.TIF,6866,local,0.874759,0.125241,1391744,0
A11_t14.TIF,6867,local,0.871119,0.128881,1391744,0
A11_t15.TIF,6868,local,0.875797,0.124203,1391744,0
A11_t16.TIF,6869,local,0.911719,0.088281,1391744,0
A11_t17.TIF,6870,local,0.907794,0.092206,1391744,0
A11_t18.TIF,6871,local,0.904121,0.095879,1391744,0
A11_t19.TIF,6872,local,0.903649,0.096351,1391744,0
A11_t20.TIF,6873,local,0.893472,0.106528,1391744,0
A11_t21.TIF,6874,local,0.893693,0.106307,1391744,0
A11_t22.TIF,6875,local,0.910051,0.089949,1391744,0
A11_t23.TIF,6876,local,0.875223,0.124777,1391744,0
A11_t24.TIF,6877,local,0.878287,0.121713,1391744,0
B01_t0.TIF,6878,local,0.98704,0.01296,1391744,0
B01_t01.TIF,6879,local,0.953747,0.046253,1391744,0
B01_t02.TIF,6880,local,0.924253,0.075747,1391744,0
B01_t03.TIF,6881,local,0.768398,0.231602,1391744,0
B01_t04.TIF,6882,local,0.62067,0.37933,1391744,0
B01_t05.TIF,6883,local,0.491189,0.508811,1391744,0
B01_t06.TIF,6884,local,0.286277,0.713723,1391744,0
B01_t07.TIF,6885,local,0.174861,0.825139,1391744,0
B01_t08.TIF,6886,local,0.069741,0.930259,1391744,0
B01_t09.TIF,6887,local,0.018335,0.981665,1391744,0
B01_t10.TIF,6888,local,0.0029,0.9971,1391744,0
B01_t11.TIF,6889,local,0.000297,0.999703,1391744,0
B01_t12.TIF,6890,local,0.000074,0.999926,1391744,0
B01_t13.TIF,6891,local,0.000013,0.999987,1391744,0
B01_t14.TIF,6892,local,0.000036,0.999964,1391744,0
B01_t15.TIF,6893,local,0,1,1391744,0
B01_t16.TIF,6894,local,0,1,1391744,0
B01_t17.TIF,6895,local,0,1,1391744,0
B01_t18.TIF,6896,local,0,1,1391744,0
B01_t19.TIF,6897,local,0.000004,0.999996,1391744,0
B01_t20.TIF,6898,local,0,1,1391744,0
B01_t21.TIF,6899,local,0,1,1391744,0
B01_t22.TIF,6900,local,0,1,1391744,0
B01_t23.TIF,6901,local,0,1,1391744,0
B01_t24.TIF,6902,local,0.000001,0.999999,1391744,0
B02_t0.TIF,6903,local,0.984828,0.015172,1391744,0
B02_t01.TIF,6904,local,0.944442,0.055558,1391744,0
B02_t02.TIF,6905,local,0.955047,0.044953,1391744,0
B02_t03.TIF,6906,local,0.832563,0.167437,1391744,0
B02_t04.TIF,6907,local,0.677712,0.322288,1391744,0
B02_t05.TIF,6908,local,0.605209,0.394791,1391744,0
B02_t06.TIF,6909,local,0.545514,0.454486,1391744,0
B02_t07.TIF,6910,local,0.47415,0.52585,1391744,0
B02_t08.TIF,6911,local,0.456935,0.543065,1391744,0
B02_t09.TIF,6912,local,0.419254,0.580746,1391744,0
B02_t10.TIF,6913,local,0.438686,0.561314,1391744,0
B02_t11.TIF,6914,local,0.417926,0.582074,1391744,0
B02_t12.TIF,6915,local,0.406203,0.593797,1391744,0
B02_t13.TIF,6916,local,0.38672,0.61328,1391744,0
B02_t14.TIF,6917,local,0.298082,0.701918,1391744,0
B02_t15.TIF,6918,local,0.347298,0.652702,1391744,0
B02_t16.TIF,6919,local,0.237866,0.762134,1391744,0
B02_t17.TIF,6920,local,0.289949,0.710051,1391744,0
B02_t18.TIF,6921,local,0.275748,0.724252,1391744,0
B02_t19.TIF,6922,local,0.191222,0.808778,1391744,0
B02_t20.TIF,6923,local,0.241221,0.758779,1391744,0
B02_t21.TIF,6924,local,0.23946,0.76054,1391744,0
B02_t22.TIF,6925,local,0.179392,0.820608,1391744,0
B02_t23.TIF,6926,local,0.234454,0.765546,1391744,0
B02_t24.TIF,6927,local,0.232557,0.767443,1391744,0
B03_t0.TIF,6928,local,0.984605,0.015395,1391744,0
B03_t01.TIF,6929,local,0.956272,0.043728,1391744,0
B03_t02.TIF,6930,local,0.916654,0.083346,1391744,0
B03_t03.TIF,6931,local,0.899917,0.100083,1391744,0
B03_t04.TIF,6932,local,0.903374,0.096626,1391744,0
B03_t05.TIF,6933,local,0.964136,0.035864,1391744,0
B03_t06.TIF,6934,local,0.945076,0.054924,1391744,0
B03_t07.TIF,6935,local,0.868588,0.131412,1391744,0
B03_t08.TIF,6936,local,0.703876,0.296124,1391744,0
B03_t09.TIF,6937,local,0.73348,0.26652,1391744,0
B03_t10.TIF,6938,local,0.595435,0.404565,1391744,0
B03_t11.TIF,6939,local,0.539583,0.460417,1391744,0
B03_t12.TIF,6940,local,0.441284,0.558716,1391744,0
B03_t13.TIF,6941,local,0.437162,0.562838,1391744,0
B03_t14.TIF,6942,local,0.316735,0.683265,1391744,0
B03_t15.TIF,6943,local,0.279812,0.720188,1391744,0
B03_t16.TIF,6944,local,0.169702,0.830298,1391744,0
B03_t17.TIF,6945,local,0.112097,0.887903,1391744,0
B03_t18.TIF,6946,local,0.068242,0.931758,1391744,0
B03_t19.TIF,6947,local,0.015253,0.984747,1391744,0
B03_t20.TIF,6948,local,0.00583,0.99417,1391744,0
B03_t21.TIF,6949,local,0.001093,0.998907,1391744,0
B03_t22.TIF,6950,local,0.000209,0.999791,1391744,0
B03_t23.TIF,6951,local,0.000172,0.999828,1391744,0
B03_t24.TIF,6952,local,0.000068,0.999932,1391744,0
B04_t0.TIF,6953,local,0.984913,0.015087,1391744,0
B04_t01.TIF,6954,local,0.977633,0.022367,1391744,0
B04_t02.TIF,6955,local,0.965621,0.034379,1391744,0
B04_t03.TIF,6956,local,0.814595,0.185405,1391744,0
B04_t04.TIF,6957,local,0.789135,0.210865,1391744,0
B04_t05.TIF,6958,local,0.590901,0.409099,1391744,0
B04_t06.TIF,6959,local,0.554256,0.445744,1391744,0
B04_t07.TIF,6960,local,0.459152,0.540848,1391744,0
B04_t08.TIF,6961,local,0.449015,0.550985,1391744,0
B04_t09.TIF,6962,local,0.393485,0.606515,1391744,0
B04_t10.TIF,6963,local,0.400967,0.599033,1391744,0
B04_t11.TIF,6964,local,0.384855,0.615145,1391744,0
B04_t12.TIF,6965,local,0.370061,0.629939,1391744,0
B04_t13.TIF,6966,local,0.357068,0.642932,1391744,0
B04_t14.TIF,6967,local,0.34009,0.65991,1391744,0
B04_t15.TIF,6968,local,0.338144,0.661856,1391744,0
B04_t16.TIF,6969,local,0.297196,0.702804,1391744,0
B04_t17.TIF,6970,local,0.282682,0.717318,1391744,0
B04_t18.TIF,6971,local,0.274791,0.725209,1391744,0
B04_t19.TIF,6972,local,0.246082,0.753918,1391744,0
B04_t20.TIF,6973,local,0.240042,0.759958,1391744,0
B04_t21.TIF,6974,local,0.221042,0.778958,1391744,0
B04_t22.TIF,6975,local,0.26646,0.73354,1391744,0
B04_t23.TIF,6976,local,0.226347,0.773653,1391744,0
B04_t24.TIF,6977,local,0.24457,0.75543,1391744,0
B05_t0.TIF,6978,local,0.985314,0.014686,1391744,0
B05_t01.TIF,6979,local,0.950954,0.049046,1391744,0
B05_t02.TIF,6980,local,0.925204,0.074796,1391744,0
B05_t03.TIF,6981,local,0.909178,0.090822,1391744,0
B05_t04.TIF,6982,local,0.915462,0.084538,1391744,0
B05_t05.TIF,6983,local,0.903536,0.096464,1391744,0
B05_t06.TIF,6984,local,0.904408,0.095592,1391744,0
B05_t07.TIF,6985,local,0.8881,0.1119,1391744,0
B05_t08.TIF,6986,local,0.881656,0.118344,1391744,0
B05_t09.TIF,6987,local,0.869397,0.130603,1391744,0
B05_t10.TIF,6988,local,0.879902,0.120098,1391744,0
B05_t11.TIF,6989,local,0.870136,0.129864,1391744,0
B05_t12.TIF,6990,local,0.861478,0.138522,1391744,0
B05_t13.TIF,6991,local,0.858143,0.141857,1391744,0
B05_t14.TIF,6992,local,0.78355,0.21645,1391744,0
B05_t15.TIF,6993,local,0.826411,0.173589,1391744,0
B05_t16.TIF,6994,local,0.745815,0.254185,1391744,0
B05_t17.TIF,6995,local,0.778802,0.221198,1391744,0
B05_t18.TIF,6996,local,0.755655,0.244345,1391744,0
B05_t19.TIF,6997,local,0.736908,0.263092,1391744,0
B05_t20.TIF,6998,local,0.750091,0.249909,1391744,0
B05_t21.TIF,6999,local,0.686642,0.313358,1391744,0
B05_t22.TIF,7000,local,0.674323,0.325677,1391744,0
B05_t23.TIF,7001,local,0.651871,0.348129,1391744,0
B05_t24.TIF,7002,local,0.71535,0.28465,1391744,0
B06_t0.TIF,7003,local,0.983759,0.016241,1391744,0
B06_t01.TIF,7004,local,0.938641,0.061359,1391744,0
B06_t02.TIF,7005,local,0.827724,0.172276,1391744,0
B06_t03.TIF,7006,local,0.820929,0.179071,1391744,0
B06_t04.TIF,7007,local,0.674433,0.325567,1391744,0
B06_t05.TIF,7008,local,0.591445,0.408555,1391744,0
B06_t06.TIF,7009,local,0.544864,0.455136,1391744,0
B06_t07.TIF,7010,local,0.430207,0.569793,1391744,0
B06_t08.TIF,7011,local,0.447679,0.552321,1391744,0
B06_t09.TIF,7012,local,0.344961,0.655039,1391744,0
B06_t10.TIF,7013,local,0.424006,0.575994,1391744,0
B06_t11.TIF,7014,local,0.42886,0.57114,1391744,0
B06_t12.TIF,7015,local,0.389854,0.610146,1391744,0
B06_t13.TIF,7016,local,0.386438,0.613562,1391744,0
B06_t14.TIF,7017,local,0.302233,0.697767,1391744,0
B06_t15.TIF,7018,local,0.357732,0.642268,1391744,0
B06_t16.TIF,7019,local,0.227779,0.772221,1391744,0
B06_t17.TIF,7020,local,0.302342,0.697658,1391744,0
B06_t18.TIF,7021,local,0.274911,0.725089,1391744,0
B06_t19.TIF,7022,local,0.180098,0.819902,1391744,0
B06_t20.TIF,7023,local,0.224891,0.775109,1391744,0
B06_t21.TIF,7024,local,0.21691,0.78309,1391744,0
B06_t22.TIF,7025,local,0.191783,0.808217,1391744,0
B06_t23.TIF,7026,local,0.211668,0.788332,1391744,0
B06_t24.TIF,7027,local,0.221946,0.778054,1391744,0
B07_t0.TIF,7028,local,0.986401,0.013599,1391744,0
B07_t01.TIF,7029,local,0.943849,0.056151,1391744,0
B07_t02.TIF,7030,local,0.920757,0.079243,1391744,0
B07_t03.TIF,7031,local,0.922139,0.077861,1391744,0
B07_t04.TIF,7032,local,0.91457,0.08543,1391744,0
B07_t05.TIF,7033,local,0.913986,0.086014,1391744,0
B07_t06.TIF,7034,local,0.913247,0.086753,1391744,0
B07_t07.TIF,7035,local,0.905832,0.094168,1391744,0
B07_t08.TIF,7036,local,0.907775,0.092225,1391744,0
B07_t09.TIF,7037,local,0.910137,0.089863,1391744,0
B07_t10.TIF,7038,local,0.906325,0.093675,1391744,0
B07_t11.TIF,7039,local,0.904063,0.095937,1391744,0
B07_t12.TIF,7040,local,0.904099,0.095901,1391744,0
B07_t13.TIF,7041,local,0.901072,0.098928,1391744,0
B07_t14.TIF,7042,local,0.889246,0.110754,1391744,0
B07_t15.TIF,7043,local,0.894398,0.105602,1391744,0
B07_t16.TIF,7044,local,0.895308,0.104692,1391744,0
B07_t17.TIF,7045,local,0.898985,0.101015,1391744,0
B07_t18.TIF,7046,local,0.88876,0.11124,1391744,0
B07_t19.TIF,7047,local,0.896423,0.103577,1391744,0
B07_t20.TIF,7048,local,0.934323,0.065677,1391744,0
B07_t21.TIF,7049,local,0.925633,0.074367,1391744,0
B07_t22.TIF,7050,local,0.900693,0.099307,1391744,0
B07_t23.TIF,7051,local,0.930719,0.069281,1391744,0
B07_t24.TIF,7052,local,0.90494,0.09506,1391744,0
B08_t0.TIF,7053,local,0.988647,0.011353,1391744,0
B08_t01.TIF,7054,local,0.961961,0.038039,1391744,0
B08_t02.TIF,7055,local,0.953658,0.046342,1391744,0
B08_t03.TIF,7056,local,0.896698,0.103302,1391744,0
B08_t04.TIF,7057,local,0.889961,0.110039,1391744,0
B08_t05.TIF,7058,local,0.77157,0.22843,1391744,0
B08_t06.TIF,7059,local,0.650078,0.349922,1391744,0
B08_t07.TIF,7060,local,0.583461,0.416539,1391744,0
B08_t08.TIF,7061,local,0.564568,0.435432,1391744,0
B08_t09.TIF,7062,local,0.458122,0.541878,1391744,0
B08_t10.TIF,7063,local,0.565041,0.434959,1391744,0
B08_t11.TIF,7064,local,0.538543,0.461457,1391744,0
B08_t12.TIF,7065,local,0.529298,0.470702,1391744,0
B08_t13.TIF,7066,local,0.498784,0.501216,1391744,0
B08_t14.TIF,7067,local,0.406258,0.593742,1391744,0
B08_t15.TIF,7068,local,0.449499,0.550501,1391744,0
B08_t16.TIF,7069,local,0.346971,0.653029,1391744,0
B08_t17.TIF,7070,local,0.387196,0.612804,1391744,0
B08_t18.TIF,7071,local,0.34184,0.65816,1391744,0
B08_t19.TIF,7072,local,0.292231,0.707769,1391744,0
B08_t20.TIF,7073,local,0.352169,0.647831,1391744,0
B08_t21.TIF,7074,local,0.334082,0.665918,1391744,0
B08_t22.TIF,7075,local,0.265468,0.734532,1391744,0
B08_t23.TIF,7076,local,0.355861,0.644139,1391744,0
B08_t24.TIF,7077,local,0.316055,0.683945,1391744,0
B09_t0.TIF,7078,local,0.986183,0.013817,1391744,0
B09_t01.TIF,7079,local,0.960337,0.039663,1391744,0
B09_t02.TIF,7080,local,0.921402,0.078598,1391744,0
B09_t03.TIF,7081,local,0.918492,0.081508,1391744,0
B09_t04.TIF,7082,local,0.915285,0.084715,1391744,0
B09_t05.TIF,7083,local,0.919206,0.080794,1391744,0
B09_t06.TIF,7084,local,0.9059,0.0941,1391744,0
B09_t07.TIF,7085,local,0.904653,0.095347,1391744,0
B09_t08.TIF,7086,local,0.917141,0.082859,1391744,0
B09_t09.TIF,7087,local,0.903952,0.096048,1391744,0
B09_t10.TIF,7088,local,0.94906,0.05094,1391744,0
B09_t11.TIF,7089,local,0.901915,0.098085,1391744,0
B09_t12.TIF,7090,local,0.949917,0.050083,1391744,0
B09_t13.TIF,7091,local,0.898006,0.101994,1391744,0
B09_t14.TIF,7092,local,0.894337,0.105663,1391744,0
B09_t15.TIF,7093,local,0.896888,0.103112,1391744,0
B09_t16.TIF,7094,local,0.897256,0.102744,1391744,0
B09_t17.TIF,7095,local,0.896884,0.103116,1391744,0
B09_t18.TIF,7096,local,0.898351,0.101649,1391744,0
B09_t19.TIF,7097,local,0.901222,0.098778,1391744,0
B09_t20.TIF,7098,local,0.91613,0.08387,1391744,0
B09_t21.TIF,7099,local,0.92314,0.07686,1391744,0
B09_t22.TIF,7100,local,0.910142,0.089858,1391744,0
B09_t23.TIF,7101,local,0.922725,0.077275,1391744,0
B09_t24.TIF,7102,local,0.94079,0.05921,1391744,0
B10_t0.TIF,7103,local,0.984804,0.015196,1391744,0
B10_t01.TIF,7104,local,0.934763,0.065237,1391744,0
B10_t02.TIF,7105,local,0.915024,0.084976,1391744,0
B10_t03.TIF,7106,local,0.945285,0.054715,1391744,0
B10_t04.TIF,7107,local,0.753872,0.246128,1391744,0
B10_t05.TIF,7108,local,0.774043,0.225957,1391744,0
B10_t06.TIF,7109,local,0.701056,0.298944,1391744,0
B10_t07.TIF,7110,local,0.621213,0.378787,1391744,0
B10_t08.TIF,7111,local,0.578476,0.421524,1391744,0
B10_t09.TIF,7112,local,0.539611,0.460389,1391744,0
B10_t10.TIF,7113,local,0.580367,0.419633,1391744,0
B10_t11.TIF,7114,local,0.520541,0.479459,1391744,0
B10_t12.TIF,7115,local,0.505934,0.494066,1391744,0
B10_t13.TIF,7116,local,0.478792,0.521208,1391744,0
B10_t14.TIF,7117,local,0.453343,0.546657,1391744,0
B10_t15.TIF,7118,local,0.443201,0.556799,1391744,0
B10_t16.TIF,7119,local,0.385778,0.614222,1391744,0
B10_t17.TIF,7120,local,0.348962,0.651038,1391744,0
B10_t18.TIF,7121,local,0.333353,0.666647,1391744,0
B10_t19.TIF,7122,local,0.335042,0.664958,1391744,0
B10_t20.TIF,7123,local,0.342656,0.657344,1391744,0
B10_t21.TIF,7124,local,0.315886,0.684114,1391744,0
B10_t22.TIF,7125,local,0.301406,0.698594,1391744,0
B10_t23.TIF,7126,local,0.346228,0.653772,1391744,0
B10_t24.TIF,7127,local,0.287172,0.712828,1391744,0
B11_t0.TIF,7128,local,0.986344,0.013656,1391744,0
B11_t01.TIF,7129,local,0.937527,0.062473,1391744,0
B11_t02.TIF,7130,local,0.927495,0.072505,1391744,0
B11_t03.TIF,7131,local,0.935523,0.064477,1391744,0
B11_t04.TIF,7132,local,0.938148,0.061852,1391744,0
B11_t05.TIF,7133,local,0.933688,0.066312,1391744,0
B11_t06.TIF,7134,local,0.921954,0.078046,1391744,0
B11_t07.TIF,7135,local,0.925346,0.074654,1391744,0
B11_t08.TIF,7136,local,0.925959,0.074041,1391744,0
B11_t09.TIF,7137,local,0.917538,0.082462,1391744,0
B11_t10.TIF,7138,local,0.934516,0.065484,1391744,0
B11_t11.TIF,7139,local,0.935901,0.064099,1391744,0
B11_t12.TIF,7140,local,0.928474,0.071526,1391744,0
B11_t13.TIF,7141,local,0.923044,0.076956,1391744,0
B11_t14.TIF,7142,local,0.909956,0.090044,1391744,0
B11_t15.TIF,7143,local,0.91642,0.08358,1391744,0
B11_t16.TIF,7144,local,0.915667,0.084333,1391744,0
B11_t17.TIF,7145,local,0.909079,0.090921,1391744,0
B11_t18.TIF,7146,local,0.909218,0.090782,1391744,0
B11_t19.TIF,7147,local,0.908974,0.091026,1391744,0
B11_t20.TIF,7148,local,0.921078,0.078922,1391744,0
B11_t21.TIF,7149,local,0.919291,0.080709,1391744,0
B11_t22.TIF,7150,local,0.90691,0.09309,1391744,0
B11_t23.TIF,7151,local,0.926141,0.073859,1391744,0
B11_t24.TIF,7152,local,0.91539,0.08461,1391744,0
C01_t0.TIF,7153,local,0.980117,0.019883,1391744,0
C01_t01.TIF,7154,local,0.964642,0.035358,1391744,0
C01_t02.TIF,7155,local,0.891659,0.108341,1391744,0
C01_t03.TIF,7156,local,0.837225,0.162775,1391744,0
C01_t04.TIF,7157,local,0.655647,0.344353,1391744,0
C01_t05.TIF,7158,local,0.435768,0.564232,1391744,0
C01_t06.TIF,7159,local,0.269843,0.730157,1391744,0
C01_t07.TIF,7160,local,0.133493,0.866507,1391744,0
C01_t08.TIF,7161,local,0.065301,0.934699,1391744,0
C01_t09.TIF,7162,local,0.026554,0.973446,1391744,0
C01_t10.TIF,7163,local,0.00897,0.99103,1391744,0
C01_t11.TIF,7164,local,0.001564,0.998436,1391744,0
C01_t12.TIF,7165,local,0.000374,0.999626,1391744,0
C01_t13.TIF,7166,local,0.000077,0.999923,1391744,0
C01_t14.TIF,7167,local,0.000003,0.999997,1391744,0
C01_t15.TIF,7168,local,0.000011,0.999989,1391744,0
C01_t16.TIF,7169,local,0,1,1391744,0
C01_t17.TIF,7170,local,0,1,1391744,0
C01_t18.TIF,7171,local,0,1,1391744,0
C01_t19.TIF,7172,local,0,1,1391744,0
C01_t20.TIF,7173,local,0,1,1391744,0
C01_t21.TIF,7174,local,0,1,1391744,0
C01_t22.TIF,7175,local,0,1,1391744,0
C01_t23.TIF,7176,local,0,1,1391744,0
C01_t24.TIF,7177,local,0,1,1391744,0
C02_t0.TIF,7178,local,0.978148,0.021852,1391744,0
C02_t01.TIF,7179,local,0.942907,0.057093,1391744,0
C02_t02.TIF,7180,local,0.858607,0.141393,1391744,0
C02_t03.TIF,7181,local,0.849289,0.150711,1391744,0
C02_t04.TIF,7182,local,0.789896,0.210104,1391744,0
C02_t05.TIF,7183,local,0.722249,0.277751,1391744,0
C02_t06.TIF,7184,local,0.738429,0.261571,1391744,0
C02_t07.TIF,7185,local,0.68451,0.31549,1391744,0
C02_t08.TIF,7186,local,0.607807,0.392193,1391744,0
C02_t09.TIF,7187,local,0.638357,0.361643,1391744,0
C02_t10.TIF,7188,local,0.583868,0.416132,1391744,0
C02_t11.TIF,7189,local,0.558464,0.441536,1391744,0
C02_t12.TIF,7190,local,0.52544,0.47456,1391744,0
C02_t13.TIF,7191,local,0.534199,0.465801,1391744,0
C02_t14.TIF,7192,local,0.529225,0.470775,1391744,0
C02_t15.TIF,7193,local,0.492932,0.507068,1391744,0
C02_t16.TIF,7194,local,0.498023,0.501977,1391744,0
C02_t17.TIF,7195,local,0.458414,0.541586,1391744,0
C02_t18.TIF,7196,local,0.439651,0.560349,1391744,0
C02_t19.TIF,7197,local,0.443131,0.556869,1391744,0
C02_t20.TIF,7198,local,0.419929,0.580071,1391744,0
C02_t21.TIF,7199,local,0.426368,0.573632,1391744,0
C02_t22.TIF,7200,local,0.380917,0.619083,1391744,0
C02_t23.TIF,7201,local,0.396735,0.603265,1391744,0
C02_t24.TIF,7202,local,0.396565,0.603435,1391744,0
C03_t0.TIF,7203,local,0.98349,0.01651,1391744,0
C03_t01.TIF,7204,local,0.933685,0.066315,1391744,0
C03_t02.TIF,7205,local,0.881294,0.118706,1391744,0
C03_t03.TIF,7206,local,0.851672,0.148328,1391744,0
C03_t04.TIF,7207,local,0.825336,0.174664,1391744,0
C03_t05.TIF,7208,local,0.771769,0.228231,1391744,0
C03_t06.TIF,7209,local,0.725848,0.274152,1391744,0
C03_t07.TIF,7210,local,0.644256,0.355744,1391744,0
C03_t08.TIF,7211,local,0.477755,0.522245,1391744,0
C03_t09.TIF,7212,local,0.453176,0.546824,1391744,0
C03_t10.TIF,7213,local,0.425391,0.574609,1391744,0
C03_t11.TIF,7214,local,0.317529,0.682471,1391744,0
C03_t12.TIF,7215,local,0.25663,0.74337,1391744,0
C03_t13.TIF,7216,local,0.185715,0.814285,1391744,0
C03_t14.TIF,7217,local,0.124132,0.875868,1391744,0
C03_t15.TIF,7218,local,0.090686,0.909314,1391744,0
C03_t16.TIF,7219,local,0.039111,0.960889,1391744,0
C03_t17.TIF,7220,local,0.028807,0.971193,1391744,0
C03_t18.TIF,7221,local,0.005472,0.994528,1391744,0
C03_t19.TIF,7222,local,0.001533,0.998467,1391744,0
C03_t20.TIF,7223,local,0.000993,0.999007,1391744,0
C03_t21.TIF,7224,local,0.000203,0.999797,1391744,0
C03_t22.TIF,7225,local,0.000046,0.999954,1391744,0
C03_t23.TIF,7226,local,0.000052,0.999948,1391744,0
C03_t24.TIF,7227,local,0,1,1391744,0
C04_t0.TIF,7228,local,0.979756,0.020244,1391744,0
C04_t01.TIF,7229,local,0.9046,0.0954,1391744,0
C04_t02.TIF,7230,local,0.852502,0.147498,1391744,0
C04_t03.TIF,7231,local,0.760013,0.239987,1391744,0
C04_t04.TIF,7232,local,0.684842,0.315158,1391744,0
C04_t05.TIF,7233,local,0.702781,0.297219,1391744,0
C04_t06.TIF,7234,local,0.663498,0.336502,1391744,0
C04_t07.TIF,7235,local,0.62015,0.37985,1391744,0
C04_t08.TIF,7236,local,0.616538,0.383462,1391744,0
C04_t09.TIF,7237,local,0.581782,0.418218,1391744,0
C04_t10.TIF,7238,local,0.609892,0.390108,1391744,0
C04_t11.TIF,7239,local,0.573891,0.426109,1391744,0
C04_t12.TIF,7240,local,0.534882,0.465118,1391744,0
C04_t13.TIF,7241,local,0.523708,0.476292,1391744,0
C04_t14.TIF,7242,local,0.464992,0.535008,1391744,0
C04_t15.TIF,7243,local,0.494427,0.505573,1391744,0
C04_t16.TIF,7244,local,0.448289,0.551711,1391744,0
C04_t17.TIF,7245,local,0.498831,0.501169,1391744,0
C04_t18.TIF,7246,local,0.42543,0.57457,1391744,0
C04_t19.TIF,7247,local,0.413203,0.586797,1391744,0
C04_t20.TIF,7248,local,0.494435,0.505565,1391744,0
C04_t21.TIF,7249,local,0.497242,0.502758,1391744,0
C04_t22.TIF,7250,local,0.403209,0.596791,1391744,0
C04_t23.TIF,7251,local,0.488536,0.511464,1391744,0
C04_t24.TIF,7252,local,0.418759,0.581241,1391744,0
C05_t0.TIF,7253,local,0.982478,0.017522,1391744,0
C05_t01.TIF,7254,local,0.950421,0.049579,1391744,0
C05_t02.TIF,7255,local,0.905843,0.094157,1391744,0
C05_t03.TIF,7256,local,0.903567,0.096433,1391744,0
C05_t04.TIF,7257,local,0.890542,0.109458,1391744,0
C05_t05.TIF,7258,local,0.959418,0.040582,1391744,0
C05_t06.TIF,7259,local,0.912983,0.087017,1391744,0
C05_t07.TIF,7260,local,0.83397,0.16603,1391744,0
C05_t08.TIF,7261,local,0.847678,0.152322,1391744,0
C05_t09.TIF,7262,local,0.738272,0.261728,1391744,0
C05_t10.TIF,7263,local,0.757009,0.242991,1391744,0
C05_t11.TIF,7264,local,0.724163,0.275837,1391744,0
C05_t12.TIF,7265,local,0.691033,0.308967,1391744,0
C05_t13.TIF,7266,local,0.651642,0.348358,1391744,0
C05_t14.TIF,7267,local,0.552423,0.447577,1391744,0
C05_t15.TIF,7268,local,0.586535,0.413465,1391744,0
C05_t16.TIF,7269,local,0.484009,0.515991,1391744,0
C05_t17.TIF,7270,local,0.541583,0.458417,1391744,0
C05_t18.TIF,7271,local,0.525171,0.474829,1391744,0
C05_t19.TIF,7272,local,0.411482,0.588518,1391744,0
C05_t20.TIF,7273,local,0.500757,0.499243,1391744,0
C05_t21.TIF,7274,local,0.555615,0.444385,1391744,0
C05_t22.TIF,7275,local,0.355579,0.644421,1391744,0
C05_t23.TIF,7276,local,0.509228,0.490772,1391744,0
C05_t24.TIF,7277,local,0.391952,0.608048,1391744,0
C06_t0.TIF,7278,local,0.978556,0.021444,1391744,0
C06_t01.TIF,7279,local,0.923391,0.076609,1391744,0
C06_t02.TIF,7280,local,0.848794,0.151206,1391744,0
C06_t03.TIF,7281,local,0.877699,0.122301,1391744,0
C06_t04.TIF,7282,local,0.775822,0.224178,1391744,0
C06_t05.TIF,7283,local,0.725357,0.274643,1391744,0
C06_t06.TIF,7284,local,0.69179,0.30821,1391744,0
C06_t07.TIF,7285,local,0.677817,0.322183,1391744,0
C06_t08.TIF,7286,local,0.676978,0.323022,1391744,0
C06_t09.TIF,7287,local,0.643847,0.356153,1391744,0
C06_t10.TIF,7288,local,0.660432,0.339568,1391744,0
C06_t11.TIF,7289,local,0.635024,0.364976,1391744,0
C06_t12.TIF,7290,local,0.621026,0.378974,1391744,0
C06_t13.TIF,7291,local,0.579684,0.420316,1391744,0
C06_t14.TIF,7292,local,0.551193,0.448807,1391744,0
C06_t15.TIF,7293,local,0.564086,0.435914,1391744,0
C06_t16.TIF,7294,local,0.544387,0.455613,1391744,0
C06_t17.TIF,7295,local,0.525437,0.474563,1391744,0
C06_t18.TIF,7296,local,0.511346,0.488654,1391744,0
C06_t19.TIF,7297,local,0.494286,0.505714,1391744,0
C06_t20.TIF,7298,local,0.514158,0.485842,1391744,0
C06_t21.TIF,7299,local,0.492845,0.507155,1391744,0
C06_t22.TIF,7300,local,0.466845,0.533155,1391744,0
C06_t23.TIF,7301,local,0.487214,0.512786,1391744,0
C06_t24.TIF,7302,local,0.447069,0.552931,1391744,0
C07_t0.TIF,7303,local,0.980897,0.019103,1391744,0
C07_t01.TIF,7304,local,0.931743,0.068257,1391744,0
C07_t02.TIF,7305,local,0.928348,0.071652,1391744,0
C07_t03.TIF,7306,local,0.926912,0.073088,1391744,0
C07_t04.TIF,7307,local,0.925359,0.074641,1391744,0
C07_t05.TIF,7308,local,0.925079,0.074921,1391744,0
C07_t06.TIF,7309,local,0.918985,0.081015,1391744,0
C07_t07.TIF,7310,local,0.903916,0.096084,1391744,0
C07_t08.TIF,7311,local,0.910229,0.089771,1391744,0
C07_t09.TIF,7312,local,0.901401,0.098599,1391744,0
C07_t10.TIF,7313,local,0.91237,0.08763,1391744,0
C07_t11.TIF,7314,local,0.910451,0.089549,1391744,0
C07_t12.TIF,7315,local,0.90835,0.09165,1391744,0
C07_t13.TIF,7316,local,0.909793,0.090207,1391744,0
C07_t14.TIF,7317,local,0.89383,0.10617,1391744,0
C07_t15.TIF,7318,local,0.952361,0.047639,1391744,0
C07_t16.TIF,7319,local,0.886312,0.113688,1391744,0
C07_t17.TIF,7320,local,0.938953,0.061047,1391744,0
C07_t18.TIF,7321,local,0.920552,0.079448,1391744,0
C07_t19.TIF,7322,local,0.899949,0.100051,1391744,0
C07_t20.TIF,7323,local,0.909514,0.090486,1391744,0
C07_t21.TIF,7324,local,0.90349,0.09651,1391744,0
C07_t22.TIF,7325,local,0.867803,0.132197,1391744,0
C07_t23.TIF,7326,local,0.893477,0.106523,1391744,0
C07_t24.TIF,7327,local,0.907783,0.092217,1391744,0
C08_t0.TIF,7328,local,0.980534,0.019466,1391744,0
C08_t01.TIF,7329,local,0.912203,0.087797,1391744,0
C08_t02.TIF,7330,local,0.937506,0.062494,1391744,0
C08_t03.TIF,7331,local,0.842892,0.157108,1391744,0
C08_t04.TIF,7332,local,0.804497,0.195503,1391744,0
C08_t05.TIF,7333,local,0.745847,0.254153,1391744,0
C08_t06.TIF,7334,local,0.730809,0.269191,1391744,0
C08_t07.TIF,7335,local,0.700009,0.299991,1391744,0
C08_t08.TIF,7336,local,0.68662,0.31338,1391744,0
C08_t09.TIF,7337,local,0.669094,0.330906,1391744,0
C08_t10.TIF,7338,local,0.692413,0.307587,1391744,0
C08_t11.TIF,7339,local,0.652724,0.347276,1391744,0
C08_t12.TIF,7340,local,0.659688,0.340312,1391744,0
C08_t13.TIF,7341,local,0.643526,0.356474,1391744,0
C08_t14.TIF,7342,local,0.59306,0.40694,1391744,0
C08_t15.TIF,7343,local,0.611463,0.388537,1391744,0
C08_t16.TIF,7344,local,0.568774,0.431226,1391744,0
C08_t17.TIF,7345,local,0.587194,0.412806,1391744,0
C08_t18.TIF,7346,local,0.564178,0.435822,1391744,0
C08_t19.TIF,7347,local,0.517209,0.482791,1391744,0
C08_t20.TIF,7348,local,0.52992,0.47008,1391744,0
C08_t21.TIF,7349,local,0.505488,0.494512,1391744,0
C08_t22.TIF,7350,local,0.482445,0.517555,1391744,0
C08_t23.TIF,7351,local,0.498815,0.501185,1391744,0
C08_t24.TIF,7352,local,0.492136,0.507864,1391744,0
C09_t0.TIF,7353,local,0.980286,0.019714,1391744,0
C09_t01.TIF,7354,local,0.901178,0.098822,1391744,0
C09_t02.TIF,7355,local,0.897719,0.102281,1391744,0
C09_t03.TIF,7356,local,0.895131,0.104869,1391744,0
C09_t04.TIF,7357,local,0.891751,0.108249,1391744,0
C09_t05.TIF,7358,local,0.890523,0.109477,1391744,0
C09_t06.TIF,7359,local,0.889398,0.110602,1391744,0
C09_t07.TIF,7360,local,0.870384,0.129616,1391744,0
C09_t08.TIF,7361,local,0.883137,0.116863,1391744,0
C09_t09.TIF,7362,local,0.867598,0.132402,1391744,0
C09_t10.TIF,7363,local,0.888302,0.111698,1391744,0
C09_t11.TIF,7364,local,0.887877,0.112123,1391744,0
C09_t12.TIF,7365,local,0.894415,0.105585,1391744,0
C09_t13.TIF,7366,local,0.892396,0.107604,1391744,0
C09_t14.TIF,7367,local,0.882388,0.117612,1391744,0
C09_t15.TIF,7368,local,0.911746,0.088254,1391744,0
C09_t16.TIF,7369,local,0.889925,0.110075,1391744,0
C09_t17.TIF,7370,local,0.922439,0.077561,1391744,0
C09_t18.TIF,7371,local,0.931452,0.068548,1391744,0
C09_t19.TIF,7372,local,0.894796,0.105204,1391744,0
C09_t20.TIF,7373,local,0.950336,0.049664,1391744,0
C09_t21.TIF,7374,local,0.945361,0.054639,1391744,0
C09_t22.TIF,7375,local,0.909232,0.090768,1391744,0
C09_t23.TIF,7376,local,0.945696,0.054304,1391744,0
C09_t24.TIF,7377,local,0.950205,0.049795,1391744,0
C10_t0.TIF,7378,local,0.982382,0.017618,1391744,0
C10_t01.TIF,7379,local,0.922385,0.077615,1391744,0
C10_t02.TIF,7380,local,0.931705,0.068295,1391744,0
C10_t03.TIF,7381,local,0.846952,0.153048,1391744,0
C10_t04.TIF,7382,local,0.833708,0.166292,1391744,0
C10_t05.TIF,7383,local,0.685257,0.314743,1391744,0
C10_t06.TIF,7384,local,0.688006,0.311994,1391744,0
C10_t07.TIF,7385,local,0.652908,0.347092,1391744,0
C10_t08.TIF,7386,local,0.621347,0.378653,1391744,0
C10_t09.TIF,7387,local,0.606545,0.393455,1391744,0
C10_t10.TIF,7388,local,0.608501,0.391499,1391744,0
C10_t11.TIF,7389,local,0.59702,0.40298,1391744,0
C10_t12.TIF,7390,local,0.621231,0.378769,1391744,0
C10_t13.TIF,7391,local,0.58553,0.41447,1391744,0
C10_t14.TIF,7392,local,0.571521,0.428479,1391744,0
C10_t15.TIF,7393,local,0.576407,0.423593,1391744,0
C10_t16.TIF,7394,local,0.498871,0.501129,1391744,0
C10_t17.TIF,7395,local,0.569834,0.430166,1391744,0
C10_t18.TIF,7396,local,0.560844,0.439156,1391744,0
C10_t19.TIF,7397,local,0.459236,0.540764,1391744,0
C10_t20.TIF,7398,local,0.481539,0.518461,1391744,0
C10_t21.TIF,7399,local,0.466796,0.533204,1391744,0
C10_t22.TIF,7400,local,0.430826,0.569174,1391744,0
C10_t23.TIF,7401,local,0.462679,0.537321,1391744,0
C10_t24.TIF,7402,local,0.481872,0.518128,1391744,0
C11_t0.TIF,7403,local,0.982059,0.017941,1391744,0
C11_t01.TIF,7404,local,0.915924,0.084076,1391744,0
C11_t02.TIF,7405,local,0.904525,0.095475,1391744,0
C11_t03.TIF,7406,local,0.899331,0.100669,1391744,0
C11_t04.TIF,7407,local,0.903883,0.096117,1391744,0
C11_t05.TIF,7408,local,0.906523,0.093477,1391744,0
C11_t06.TIF,7409,local,0.910017,0.089983,1391744,0
C11_t07.TIF,7410,local,0.880012,0.119988,1391744,0
C11_t08.TIF,7411,local,0.894002,0.105998,1391744,0
C11_t09.TIF,7412,local,0.886988,0.113012,1391744,0
C11_t10.TIF,7413,local,0.888652,0.111348,1391744,0
C11_t11.TIF,7414,local,0.892491,0.107509,1391744,0
C11_t12.TIF,7415,local,0.889057,0.110943,1391744,0
C11_t13.TIF,7416,local,0.888044,0.111956,1391744,0
C11_t14.TIF,7417,local,0.893838,0.106162,1391744,0
C11_t15.TIF,7418,local,0.88754,0.11246,1391744,0
C11_t16.TIF,7419,local,0.870876,0.129124,1391744,0
C11_t17.TIF,7420,local,0.886709,0.113291,1391744,0
C11_t18.TIF,7421,local,0.888186,0.111814,1391744,0
C11_t19.TIF,7422,local,0.869367,0.130633,1391744,0
C11_t20.TIF,7423,local,0.87847,0.12153,1391744,0
C11_t21.TIF,7424,local,0.876056,0.123944,1391744,0
C11_t22.TIF,7425,local,0.872108,0.127892,1391744,0
C11_t23.TIF,7426,local,0.885509,0.114491,1391744,0
C11_t24.TIF,7427,local,0.895242,0.104758,1391744,0
D01_t0.TIF,7428,local,0.974533,0.025467,1391744,0
D01_t01.TIF,7429,local,0.928041,0.071959,1391744,0
D01_t02.TIF,7430,local,0.821224,0.178776,1391744,0
D01_t03.TIF,7431,local,0.725114,0.274886,1391744,0
D01_t04.TIF,7432,local,0.420052,0.579948,1391744,0
D01_t05.TIF,7433,local,0.237172,0.762828,1391744,0
D01_t06.TIF,7434,local,0.133759,0.866241,1391744,0
D01_t07.TIF,7435,local,0.036478,0.963522,1391744,0
D01_t08.TIF,7436,local,0.00546,0.99454,1391744,0
D01_t09.TIF,7437,local,0.002393,0.997607,1391744,0
D01_t10.TIF,7438,local,0.000048,0.999952,1391744,0
D01_t11.TIF,7439,local,0.000001,0.999999,1391744,0
D01_t12.TIF,7440,local,0,1,1391744,0
D01_t13.TIF,7441,local,0,1,1391744,0
D01_t14.TIF,7442,local,0,1,1391744,0
D01_t15.TIF,7443,local,0,1,1391744,0
D01_t16.TIF,7444,local,0,1,1391744,0
D01_t17.TIF,7445,local,0,1,1391744,0
D01_t18.TIF,7446,local,0,1,1391744,0
D01_t19.TIF,7447,local,0,1,1391744,0
D01_t20.TIF,7448,local,0,1,1391744,0
D01_t21.TIF,7449,local,0,1,1391744,0
D01_t22.TIF,7450,local,0,1,1391744,0
D01_t23.TIF,7451,local,0,1,1391744,0
D01_t24.TIF,7452,local,0,1,1391744,0
D02_t0.TIF,7453,local,0.974693,0.025307,1391744,0
D02_t01.TIF,7454,local,0.932403,0.067597,1391744,0
D02_t02.TIF,7455,local,0.759772,0.240228,1391744,0
D02_t03.TIF,7456,local,0.673584,0.326416,1391744,0
D02_t04.TIF,7457,local,0.555966,0.444034,1391744,0
D02_t05.TIF,7458,local,0.322537,0.677463,1391744,0
D02_t06.TIF,7459,local,0.285727,0.714273,1391744,0
D02_t07.TIF,7460,local,0.196617,0.803383,1391744,0
D02_t08.TIF,7461,local,0.190306,0.809694,1391744,0
D02_t09.TIF,7462,local,0.152493,0.847507,1391744,0
D02_t10.TIF,7463,local,0.158006,0.841994,1391744,0
D02_t11.TIF,7464,local,0.145587,0.854413,1391744,0
D02_t12.TIF,7465,local,0.135891,0.864109,1391744,0
D02_t13.TIF,7466,local,0.118062,0.881938,1391744,0
D02_t14.TIF,7467,local,0.088665,0.911335,1391744,0
D02_t15.TIF,7468,local,0.103039,0.896961,1391744,0
D02_t16.TIF,7469,local,0.069104,0.930896,1391744,0
D02_t17.TIF,7470,local,0.07279,0.92721,1391744,0
D02_t18.TIF,7471,local,0.06872,0.93128,1391744,0
D02_t19.TIF,7472,local,0.059118,0.940882,1391744,0
D02_t20.TIF,7473,local,0.055215,0.944785,1391744,0
D02_t21.TIF,7474,local,0.04801,0.95199,1391744,0
D02_t22.TIF,7475,local,0.054133,0.945867,1391744,0
D02_t23.TIF,7476,local,0.054376,0.945624,1391744,0
D02_t24.TIF,7477,local,0.06258,0.93742,1391744,0
D03_t0.TIF,7478,local,0.972096,0.027904,1391744,0
D03_t01.TIF,7479,local,0.920779,0.079221,1391744,0
D03_t02.TIF,7480,local,0.903165,0.096835,1391744,0
D03_t03.TIF,7481,local,0.85238,0.14762,1391744,0
D03_t04.TIF,7482,local,0.791929,0.208071,1391744,0
D03_t05.TIF,7483,local,0.617881,0.382119,1391744,0
D03_t06.TIF,7484,local,0.523041,0.476959,1391744,0
D03_t07.TIF,7485,local,0.372665,0.627335,1391744,0
D03_t08.TIF,7486,local,0.320942,0.679058,1391744,0
D03_t09.TIF,7487,local,0.233977,0.766023,1391744,0
D03_t10.TIF,7488,local,0.195541,0.804459,1391744,0
D03_t11.TIF,7489,local,0.136106,0.863894,1391744,0
D03_t12.TIF,7490,local,0.09489,0.90511,1391744,0
D03_t13.TIF,7491,local,0.064948,0.935052,1391744,0
D03_t14.TIF,7492,local,0.032425,0.967575,1391744,0
D03_t15.TIF,7493,local,0.015131,0.984869,1391744,0
D03_t16.TIF,7494,local,0.002694,0.997306,1391744,0
D03_t17.TIF,7495,local,0.001088,0.998912,1391744,0
D03_t18.TIF,7496,local,0.000259,0.999741,1391744,0
D03_t19.TIF,7497,local,0.000052,0.999948,1391744,0
D03_t20.TIF,7498,local,0.000037,0.999963,1391744,0
D03_t21.TIF,7499,local,0.000001,0.999999,1391744,0
D03_t22.TIF,7500,local,0.000038,0.999962,1391744,0
D03_t23.TIF,7501,local,0,1,1391744,0
D03_t24.TIF,7502,local,0,1,1391744,0
D04_t0.TIF,7503,local,0.973689,0.026311,1391744,0
D04_t01.TIF,7504,local,0.89352,0.10648,1391744,0
D04_t02.TIF,7505,local,0.737805,0.262195,1391744,0
D04_t03.TIF,7506,local,0.67289,0.32711,1391744,0
D04_t04.TIF,7507,local,0.452698,0.547302,1391744,0
D04_t05.TIF,7508,local,0.392022,0.607978,1391744,0
D04_t06.TIF,7509,local,0.28315,0.71685,1391744,0
D04_t07.TIF,7510,local,0.197045,0.802955,1391744,0
D04_t08.TIF,7511,local,0.218983,0.781017,1391744,0
D04_t09.TIF,7512,local,0.151587,0.848413,1391744,0
D04_t10.TIF,7513,local,0.164182,0.835818,1391744,0
D04_t11.TIF,7514,local,0.145572,0.854428,1391744,0
D04_t12.TIF,7515,local,0.135046,0.864954,1391744,0
D04_t13.TIF,7516,local,0.120757,0.879243,1391744,0
D04_t14.TIF,7517,local,0.110942,0.889058,1391744,0
D04_t15.TIF,7518,local,0.105932,0.894068,1391744,0
D04_t16.TIF,7519,local,0.077499,0.922501,1391744,0
D04_t17.TIF,7520,local,0.090202,0.909798,1391744,0
D04_t18.TIF,7521,local,0.075035,0.924965,1391744,0
D04_t19.TIF,7522,local,0.070278,0.929722,1391744,0
D04_t20.TIF,7523,local,0.092695,0.907305,1391744,0
D04_t21.TIF,7524,local,0.080267,0.919733,1391744,0
D04_t22.TIF,7525,local,0.058012,0.941988,1391744,0
D04_t23.TIF,7526,local,0.094621,0.905379,1391744,0
D04_t24.TIF,7527,local,0.071301,0.928699,1391744,0
D05_t0.TIF,7528,local,0.973853,0.026147,1391744,0
D05_t01.TIF,7529,local,0.948212,0.051788,1391744,0
D05_t02.TIF,7530,local,0.889935,0.110065,1391744,0
D05_t03.TIF,7531,local,0.903989,0.096011,1391744,0
D05_t04.TIF,7532,local,0.875614,0.124386,1391744,0
D05_t05.TIF,7533,local,0.885914,0.114086,1391744,0
D05_t06.TIF,7534,local,0.848475,0.151525,1391744,0
D05_t07.TIF,7535,local,0.780673,0.219327,1391744,0
D05_t08.TIF,7536,local,0.786032,0.213968,1391744,0
D05_t09.TIF,7537,local,0.748958,0.251042,1391744,0
D05_t10.TIF,7538,local,0.657809,0.342191,1391744,0
D05_t11.TIF,7539,local,0.588632,0.411368,1391744,0
D05_t12.TIF,7540,local,0.539799,0.460201,1391744,0
D05_t13.TIF,7541,local,0.510445,0.489555,1391744,0
D05_t14.TIF,7542,local,0.415887,0.584113,1391744,0
D05_t15.TIF,7543,local,0.420055,0.579945,1391744,0
D05_t16.TIF,7544,local,0.329232,0.670768,1391744,0
D05_t17.TIF,7545,local,0.3262,0.6738,1391744,0
D05_t18.TIF,7546,local,0.26528,0.73472,1391744,0
D05_t19.TIF,7547,local,0.209357,0.790643,1391744,0
D05_t20.TIF,7548,local,0.315564,0.684436,1391744,0
D05_t21.TIF,7549,local,0.278979,0.721021,1391744,0
D05_t22.TIF,7550,local,0.15332,0.84668,1391744,0
D05_t23.TIF,7551,local,0.21965,0.78035,1391744,0
D05_t24.TIF,7552,local,0.131927,0.868073,1391744,0
D06_t0.TIF,7553,local,0.979024,0.020976,1391744,0
D06_t01.TIF,7554,local,0.8764,0.1236,1391744,0
D06_t02.TIF,7555,local,0.913648,0.086352,1391744,0
D06_t03.TIF,7556,local,0.805327,0.194673,1391744,0
D06_t04.TIF,7557,local,0.642015,0.357985,1391744,0
D06_t05.TIF,7558,local,0.490256,0.509744,1391744,0
D06_t06.TIF,7559,local,0.394108,0.605892,1391744,0
D06_t07.TIF,7560,local,0.361315,0.638685,1391744,0
D06_t08.TIF,7561,local,0.314922,0.685078,1391744,0
D06_t09.TIF,7562,local,0.294201,0.705799,1391744,0
D06_t10.TIF,7563,local,0.245388,0.754612,1391744,0
D06_t11.TIF,7564,local,0.226886,0.773114,1391744,0
D06_t12.TIF,7565,local,0.208782,0.791218,1391744,0
D06_t13.TIF,7566,local,0.200832,0.799168,1391744,0
D06_t14.TIF,7567,local,0.207425,0.792575,1391744,0
D06_t15.TIF,7568,local,0.18608,0.81392,1391744,0
D06_t16.TIF,7569,local,0.186464,0.813536,1391744,0
D06_t17.TIF,7570,local,0.146735,0.853265,1391744,0
D06_t18.TIF,7571,local,0.142871,0.857129,1391744,0
D06_t19.TIF,7572,local,0.177237,0.822763,1391744,0
D06_t20.TIF,7573,local,0.184563,0.815437,1391744,0
D06_t21.TIF,7574,local,0.185498,0.814502,1391744,0
D06_t22.TIF,7575,local,0.147653,0.852347,1391744,0
D06_t23.TIF,7576,local,0.158699,0.841301,1391744,0
D06_t24.TIF,7577,local,0.137638,0.862362,1391744,0
D07_t0.TIF,7578,local,0.973692,0.026308,1391744,0
D07_t01.TIF,7579,local,0.915633,0.084367,1391744,0
D07_t02.TIF,7580,local,0.909249,0.090751,1391744,0
D07_t03.TIF,7581,local,0.900545,0.099455,1391744,0
D07_t04.TIF,7582,local,0.905948,0.094052,1391744,0
D07_t05.TIF,7583,local,0.895157,0.104843,1391744,0
D07_t06.TIF,7584,local,0.900889,0.099111,1391744,0
D07_t07.TIF,7585,local,0.890024,0.109976,1391744,0
D07_t08.TIF,7586,local,0.877113,0.122887,1391744,0
D07_t09.TIF,7587,local,0.887632,0.112368,1391744,0
D07_t10.TIF,7588,local,0.879789,0.120211,1391744,0
D07_t11.TIF,7589,local,0.883832,0.116168,1391744,0
D07_t12.TIF,7590,local,0.882736,0.117264,1391744,0
D07_t13.TIF,7591,local,0.888957,0.111043,1391744,0
D07_t14.TIF,7592,local,0.897717,0.102283,1391744,0
D07_t15.TIF,7593,local,0.932395,0.067605,1391744,0
D07_t16.TIF,7594,local,0.922073,0.077927,1391744,0
D07_t17.TIF,7595,local,0.916766,0.083234,1391744,0
D07_t18.TIF,7596,local,0.896704,0.103296,1391744,0
D07_t19.TIF,7597,local,0.854638,0.145362,1391744,0
D07_t20.TIF,7598,local,0.844836,0.155164,1391744,0
D07_t21.TIF,7599,local,0.835614,0.164386,1391744,0
D07_t22.TIF,7600,local,0.816779,0.183221,1391744,0
D07_t23.TIF,7601,local,0.808284,0.191716,1391744,0
D07_t24.TIF,7602,local,0.842418,0.157582,1391744,0
D08_t0.TIF,7603,local,0.973991,0.026009,1391744,0
D08_t01.TIF,7604,local,0.905323,0.094677,1391744,0
D08_t02.TIF,7605,local,0.853006,0.146994,1391744,0
D08_t03.TIF,7606,local,0.756272,0.243728,1391744,0
D08_t04.TIF,7607,local,0.628858,0.371142,1391744,0
D08_t05.TIF,7608,local,0.591933,0.408067,1391744,0
D08_t06.TIF,7609,local,0.502949,0.497051,1391744,0
D08_t07.TIF,7610,local,0.37691,0.62309,1391744,0
D08_t08.TIF,7611,local,0.376384,0.623616,1391744,0
D08_t09.TIF,7612,local,0.310438,0.689562,1391744,0
D08_t10.TIF,7613,local,0.308932,0.691068,1391744,0
D08_t11.TIF,7614,local,0.294642,0.705358,1391744,0
D08_t12.TIF,7615,local,0.278239,0.721761,1391744,0
D08_t13.TIF,7616,local,0.261019,0.738981,1391744,0
D08_t14.TIF,7617,local,0.245214,0.754786,1391744,0
D08_t15.TIF,7618,local,0.239247,0.760753,1391744,0
D08_t16.TIF,7619,local,0.192744,0.807256,1391744,0
D08_t17.TIF,7620,local,0.191579,0.808421,1391744,0
D08_t18.TIF,7621,local,0.193977,0.806023,1391744,0
D08_t19.TIF,7622,local,0.160511,0.839489,1391744,0
D08_t20.TIF,7623,local,0.196801,0.803199,1391744,0
D08_t21.TIF,7624,local,0.201525,0.798475,1391744,0
D08_t22.TIF,7625,local,0.165163,0.834837,1391744,0
D08_t23.TIF,7626,local,0.144228,0.855772,1391744,0
D08_t24.TIF,7627,local,0.167173,0.832827,1391744,0
D09_t0.TIF,7628,local,0.973817,0.026183,1391744,0
D09_t01.TIF,7629,local,0.909976,0.090024,1391744,0
D09_t02.TIF,7630,local,0.897976,0.102024,1391744,0
D09_t03.TIF,7631,local,0.904068,0.095932,1391744,0
D09_t04.TIF,7632,local,0.895465,0.104535,1391744,0
D09_t05.TIF,7633,local,0.898752,0.101248,1391744,0
D09_t06.TIF,7634,local,0.89028,0.10972,1391744,0
D09_t07.TIF,7635,local,0.878069,0.121931,1391744,0
D09_t08.TIF,7636,local,0.902745,0.097255,1391744,0
D09_t09.TIF,7637,local,0.875909,0.124091,1391744,0
D09_t10.TIF,7638,local,0.895979,0.104021,1391744,0
D09_t11.TIF,7639,local,0.886302,0.113698,1391744,0
D09_t12.TIF,7640,local,0.884398,0.115602,1391744,0
D09_t13.TIF,7641,local,0.882251,0.117749,1391744,0
D09_t14.TIF,7642,local,0.888475,0.111525,1391744,0
D09_t15.TIF,7643,local,0.878211,0.121789,1391744,0
D09_t16.TIF,7644,local,0.870986,0.129014,1391744,0
D09_t17.TIF,7645,local,0.88241,0.11759,1391744,0
D09_t18.TIF,7646,local,0.880858,0.119142,1391744,0
D09_t19.TIF,7647,local,0.871327,0.128673,1391744,0
D09_t20.TIF,7648,local,0.908168,0.091832,1391744,0
D09_t21.TIF,7649,local,0.90905,0.09095,1391744,0
D09_t22.TIF,7650,local,0.9465,0.0535,1391744,0
D09_t23.TIF,7651,local,0.915397,0.084603,1391744,0
D09_t24.TIF,7652,local,0.894451,0.105549,1391744,0
D10_t0.TIF,7653,local,0.978744,0.021256,1391744,0
D10_t01.TIF,7654,local,0.888864,0.111136,1391744,0
D10_t02.TIF,7655,local,0.910651,0.089349,1391744,0
D10_t03.TIF,7656,local,0.734988,0.265012,1391744,0
D10_t04.TIF,7657,local,0.585358,0.414642,1391744,0
D10_t05.TIF,7658,local,0.512027,0.487973,1391744,0
D10_t06.TIF,7659,local,0.423092,0.576908,1391744,0
D10_t07.TIF,7660,local,0.364877,0.635123,1391744,0
D10_t08.TIF,7661,local,0.303426,0.696574,1391744,0
D10_t09.TIF,7662,local,0.264091,0.735909,1391744,0
D10_t10.TIF,7663,local,0.22901,0.77099,1391744,0
D10_t11.TIF,7664,local,0.203921,0.796079,1391744,0
D10_t12.TIF,7665,local,0.184083,0.815917,1391744,0
D10_t13.TIF,7666,local,0.169014,0.830986,1391744,0
D10_t14.TIF,7667,local,0.154066,0.845934,1391744,0
D10_t15.TIF,7668,local,0.155386,0.844614,1391744,0
D10_t16.TIF,7669,local,0.14311,0.85689,1391744,0
D10_t17.TIF,7670,local,0.133617,0.866383,1391744,0
D10_t18.TIF,7671,local,0.120579,0.879421,1391744,0
D10_t19.TIF,7672,local,0.122838,0.877162,1391744,0
D10_t20.TIF,7673,local,0.104403,0.895597,1391744,0
D10_t21.TIF,7674,local,0.097792,0.902208,1391744,0
D10_t22.TIF,7675,local,0.111921,0.888079,1391744,0
D10_t23.TIF,7676,local,0.09477,0.90523,1391744,0
D10_t24.TIF,7677,local,0.101203,0.898797,1391744,0
D11_t0.TIF,7678,local,0.973439,0.026561,1391744,0
D11_t01.TIF,7679,local,0.893733,0.106267,1391744,0
D11_t02.TIF,7680,local,0.891786,0.108214,1391744,0
D11_t03.TIF,7681,local,0.892179,0.107821,1391744,0
D11_t04.TIF,7682,local,0.880128,0.119872,1391744,0
D11_t05.TIF,7683,local,0.876471,0.123529,1391744,0
D11_t06.TIF,7684,local,0.887636,0.112364,1391744,0
D11_t07.TIF,7685,local,0.85829,0.14171,1391744,0
D11_t08.TIF,7686,local,0.876678,0.123322,1391744,0
D11_t09.TIF,7687,local,0.86364,0.13636,1391744,0
D11_t10.TIF,7688,local,0.868644,0.131356,1391744,0
D11_t11.TIF,7689,local,0.868556,0.131444,1391744,0
D11_t12.TIF,7690,local,0.86315,0.13685,1391744,0
D11_t13.TIF,7691,local,0.864004,0.135996,1391744,0
D11_t14.TIF,7692,local,0.859116,0.140884,1391744,0
D11_t15.TIF,7693,local,0.869602,0.130398,1391744,0
D11_t16.TIF,7694,local,0.844039,0.155961,1391744,0
D11_t17.TIF,7695,local,0.854761,0.145239,1391744,0
D11_t18.TIF,7696,local,0.850193,0.149807,1391744,0
D11_t19.TIF,7697,local,0.837632,0.162368,1391744,0
D11_t20.TIF,7698,local,0.861445,0.138555,1391744,0
D11_t21.TIF,7699,local,0.86098,0.13902,1391744,0
D11_t22.TIF,7700,local,0.835275,0.164725,1391744,0
D11_t23.TIF,7701,local,0.859712,0.140288,1391744,0
D11_t24.TIF,7702,local,0.851059,0.148941,1391744,0
E01_t0.TIF,7703,local,0.981332,0.018668,1391744,0
E01_t01.TIF,7704,local,0.942661,0.057339,1391744,0
E01_t02.TIF,7705,local,0.922555,0.077445,1391744,0
E01_t03.TIF,7706,local,0.850646,0.149354,1391744,0
E01_t04.TIF,7707,local,0.650299,0.349701,1391744,0
E01_t05.TIF,7708,local,0.508652,0.491348,1391744,0
E01_t06.TIF,7709,local,0.303627,0.696373,1391744,0
E01_t07.TIF,7710,local,0.067343,0.932657,1391744,0
E01_t08.TIF,7711,local,0.047344,0.952656,1391744,0
E01_t09.TIF,7712,local,0.002036,0.997964,1391744,0
E01_t10.TIF,7713,local,0.0012,0.9988,1391744,0
E01_t11.TIF,7714,local,0.000463,0.999537,1391744,0
E01_t12.TIF,7715,local,0.000089,0.999911,1391744,0
E01_t13.TIF,7716,local,0.00005,0.99995,1391744,0
E01_t14.TIF,7717,local,0.000003,0.999997,1391744,0
E01_t15.TIF,7718,local,0.000007,0.999993,1391744,0
E01_t16.TIF,7719,local,0,1,1391744,0
E01_t17.TIF,7720,local,0,1,1391744,0
E01_t18.TIF,7721,local,0,1,1391744,0
E01_t19.TIF,7722,local,0,1,1391744,0
E01_t20.TIF,7723,local,0,1,1391744,0
E01_t21.TIF,7724,local,0.000004,0.999996,1391744,0
E01_t22.TIF,7725,local,0.000001,0.999999,1391744,0
E01_t23.TIF,7726,local,0,1,1391744,0
E01_t24.TIF,7727,local,0.000004,0.999996,1391744,0
E02_t0.TIF,7728,local,0.977263,0.022737,1391744,0
E02_t01.TIF,7729,local,0.955053,0.044947,1391744,0
E02_t02.TIF,7730,local,0.896067,0.103933,1391744,0
E02_t03.TIF,7731,local,0.871526,0.128474,1391744,0
E02_t04.TIF,7732,local,0.750724,0.249276,1391744,0
E02_t05.TIF,7733,local,0.664355,0.335645,1391744,0
E02_t06.TIF,7734,local,0.633155,0.366845,1391744,0
E02_t07.TIF,7735,local,0.619596,0.380404,1391744,0
E02_t08.TIF,7736,local,0.51738,0.48262,1391744,0
E02_t09.TIF,7737,local,0.47279,0.52721,1391744,0
E02_t10.TIF,7738,local,0.304668,0.695332,1391744,0
E02_t11.TIF,7739,local,0.212646,0.787354,1391744,0
E02_t12.TIF,7740,local,0.161424,0.838576,1391744,0
E02_t13.TIF,7741,local,0.126864,0.873136,1391744,0
E02_t14.TIF,7742,local,0.206198,0.793802,1391744,0
E02_t15.TIF,7743,local,0.084868,0.915132,1391744,0
E02_t16.TIF,7744,local,0.139028,0.860972,1391744,0
E02_t17.TIF,7745,local,0.065279,0.934721,1391744,0
E02_t18.TIF,7746,local,0.044517,0.955483,1391744,0
E02_t19.TIF,7747,local,0.089925,0.910075,1391744,0
E02_t20.TIF,7748,local,0.060247,0.939753,1391744,0
E02_t21.TIF,7749,local,0.054984,0.945016,1391744,0
E02_t22.TIF,7750,local,0.062273,0.937727,1391744,0
E02_t23.TIF,7751,local,0.040927,0.959073,1391744,0
E02_t24.TIF,7752,local,0.020653,0.979347,1391744,0
E03_t0.TIF,7753,local,0.984248,0.015752,1391744,0
E03_t01.TIF,7754,local,0.945267,0.054733,1391744,0
E03_t02.TIF,7755,local,0.961611,0.038389,1391744,0
E03_t03.TIF,7756,local,0.918653,0.081347,1391744,0
E03_t04.TIF,7757,local,0.9269,0.0731,1391744,0
E03_t05.TIF,7758,local,0.837661,0.162339,1391744,0
E03_t06.TIF,7759,local,0.816846,0.183154,1391744,0
E03_t07.TIF,7760,local,0.654279,0.345721,1391744,0
E03_t08.TIF,7761,local,0.570207,0.429793,1391744,0
E03_t09.TIF,7762,local,0.463129,0.536871,1391744,0
E03_t10.TIF,7763,local,0.404352,0.595648,1391744,0
E03_t11.TIF,7764,local,0.315998,0.684002,1391744,0
E03_t12.TIF,7765,local,0.224507,0.775493,1391744,0
E03_t13.TIF,7766,local,0.168308,0.831692,1391744,0
E03_t14.TIF,7767,local,0.088843,0.911157,1391744,0
E03_t15.TIF,7768,local,0.052664,0.947336,1391744,0
E03_t16.TIF,7769,local,0.016242,0.983758,1391744,0
E03_t17.TIF,7770,local,0.004841,0.995159,1391744,0
E03_t18.TIF,7771,local,0.005406,0.994594,1391744,0
E03_t19.TIF,7772,local,0.000668,0.999332,1391744,0
E03_t20.TIF,7773,local,0.000361,0.999639,1391744,0
E03_t21.TIF,7774,local,0.000276,0.999724,1391744,0
E03_t22.TIF,7775,local,0.000065,0.999935,1391744,0
E03_t23.TIF,7776,local,0.000062,0.999938,1391744,0
E03_t24.TIF,7777,local,0.00008,0.99992,1391744,0
E04_t0.TIF,7778,local,0.97935,0.02065,1391744,0
E04_t01.TIF,7779,local,0.910502,0.089498,1391744,0
E04_t02.TIF,7780,local,0.861177,0.138823,1391744,0
E04_t03.TIF,7781,local,0.826276,0.173724,1391744,0
E04_t04.TIF,7782,local,0.760262,0.239738,1391744,0
E04_t05.TIF,7783,local,0.635355,0.364645,1391744,0
E04_t06.TIF,7784,local,0.634084,0.365916,1391744,0
E04_t07.TIF,7785,local,0.528036,0.471964,1391744,0
E04_t08.TIF,7786,local,0.43359,0.56641,1391744,0
E04_t09.TIF,7787,local,0.361531,0.638469,1391744,0
E04_t10.TIF,7788,local,0.231342,0.768658,1391744,0
E04_t11.TIF,7789,local,0.177336,0.822664,1391744,0
E04_t12.TIF,7790,local,0.138257,0.861743,1391744,0
E04_t13.TIF,7791,local,0.103601,0.896399,1391744,0
E04_t14.TIF,7792,local,0.099272,0.900728,1391744,0
E04_t15.TIF,7793,local,0.068357,0.931643,1391744,0
E04_t16.TIF,7794,local,0.052805,0.947195,1391744,0
E04_t17.TIF,7795,local,0.051561,0.948439,1391744,0
E04_t18.TIF,7796,local,0.039598,0.960402,1391744,0
E04_t19.TIF,7797,local,0.029568,0.970432,1391744,0
E04_t20.TIF,7798,local,0.024926,0.975074,1391744,0
E04_t21.TIF,7799,local,0.024658,0.975342,1391744,0
E04_t22.TIF,7800,local,0.024485,0.975515,1391744,0
E04_t23.TIF,7801,local,0.018399,0.981601,1391744,0
E04_t24.TIF,7802,local,0.01473,0.98527,1391744,0
E05_t0.TIF,7803,local,0.981589,0.018411,1391744,0
E05_t01.TIF,7804,local,0.923609,0.076391,1391744,0
E05_t02.TIF,7805,local,0.89758,0.10242,1391744,0
E05_t03.TIF,7806,local,0.908621,0.091379,1391744,0
E05_t04.TIF,7807,local,0.926608,0.073392,1391744,0
E05_t05.TIF,7808,local,0.88847,0.11153,1391744,0
E05_t06.TIF,7809,local,0.915278,0.084722,1391744,0
E05_t07.TIF,7810,local,0.911313,0.088687,1391744,0
E05_t08.TIF,7811,local,0.731324,0.268676,1391744,0
E05_t09.TIF,7812,local,0.757435,0.242565,1391744,0
E05_t10.TIF,7813,local,0.653835,0.346165,1391744,0
E05_t11.TIF,7814,local,0.596858,0.403142,1391744,0
E05_t12.TIF,7815,local,0.554659,0.445341,1391744,0
E05_t13.TIF,7816,local,0.517367,0.482633,1391744,0
E05_t14.TIF,7817,local,0.54679,0.45321,1391744,0
E05_t15.TIF,7818,local,0.548733,0.451267,1391744,0
E05_t16.TIF,7819,local,0.498507,0.501493,1391744,0
E05_t17.TIF,7820,local,0.493202,0.506798,1391744,0
E05_t18.TIF,7821,local,0.434047,0.565953,1391744,0
E05_t19.TIF,7822,local,0.408997,0.591003,1391744,0
E05_t20.TIF,7823,local,0.389983,0.610017,1391744,0
E05_t21.TIF,7824,local,0.343193,0.656807,1391744,0
E05_t22.TIF,7825,local,0.383749,0.616251,1391744,0
E05_t23.TIF,7826,local,0.30662,0.69338,1391744,0
E05_t24.TIF,7827,local,0.265288,0.734712,1391744,0
E06_t0.TIF,7828,local,0.98316,0.01684,1391744,0
E06_t01.TIF,7829,local,0.930055,0.069945,1391744,0
E06_t02.TIF,7830,local,0.875236,0.124764,1391744,0
E06_t03.TIF,7831,local,0.900141,0.099859,1391744,0
E06_t04.TIF,7832,local,0.827104,0.172896,1391744,0
E06_t05.TIF,7833,local,0.721521,0.278479,1391744,0
E06_t06.TIF,7834,local,0.692141,0.307859,1391744,0
E06_t07.TIF,7835,local,0.617072,0.382928,1391744,0
E06_t08.TIF,7836,local,0.523788,0.476212,1391744,0
E06_t09.TIF,7837,local,0.488003,0.511997,1391744,0
E06_t10.TIF,7838,local,0.365445,0.634555,1391744,0
E06_t11.TIF,7839,local,0.287781,0.712219,1391744,0
E06_t12.TIF,7840,local,0.228267,0.771733,1391744,0
E06_t13.TIF,7841,local,0.181125,0.818875,1391744,0
E06_t14.TIF,7842,local,0.119704,0.880296,1391744,0
E06_t15.TIF,7843,local,0.128862,0.871138,1391744,0
E06_t16.TIF,7844,local,0.099469,0.900531,1391744,0
E06_t17.TIF,7845,local,0.06949,0.93051,1391744,0
E06_t18.TIF,7846,local,0.047539,0.952461,1391744,0
E06_t19.TIF,7847,local,0.056581,0.943419,1391744,0
E06_t20.TIF,7848,local,0.038645,0.961355,1391744,0
E06_t21.TIF,7849,local,0.033049,0.966951,1391744,0
E06_t22.TIF,7850,local,0.032643,0.967357,1391744,0
E06_t23.TIF,7851,local,0.034211,0.965789,1391744,0
E06_t24.TIF,7852,local,0.022214,0.977786,1391744,0
E07_t0.TIF,7853,local,0.980075,0.019925,1391744,0
E07_t01.TIF,7854,local,0.940489,0.059511,1391744,0
E07_t02.TIF,7855,local,0.938623,0.061377,1391744,0
E07_t03.TIF,7856,local,0.936274,0.063726,1391744,0
E07_t04.TIF,7857,local,0.933589,0.066411,1391744,0
E07_t05.TIF,7858,local,0.929933,0.070067,1391744,0
E07_t06.TIF,7859,local,0.929487,0.070513,1391744,0
E07_t07.TIF,7860,local,0.918734,0.081266,1391744,0
E07_t08.TIF,7861,local,0.924316,0.075684,1391744,0
E07_t09.TIF,7862,local,0.915741,0.084259,1391744,0
E07_t10.TIF,7863,local,0.9114,0.0886,1391744,0
E07_t11.TIF,7864,local,0.909132,0.090868,1391744,0
E07_t12.TIF,7865,local,0.908174,0.091826,1391744,0
E07_t13.TIF,7866,local,0.909197,0.090803,1391744,0
E07_t14.TIF,7867,local,0.911453,0.088547,1391744,0
E07_t15.TIF,7868,local,0.907996,0.092004,1391744,0
E07_t16.TIF,7869,local,0.913595,0.086405,1391744,0
E07_t17.TIF,7870,local,0.905019,0.094981,1391744,0
E07_t18.TIF,7871,local,0.943718,0.056282,1391744,0
E07_t19.TIF,7872,local,0.921559,0.078441,1391744,0
E07_t20.TIF,7873,local,0.910126,0.089874,1391744,0
E07_t21.TIF,7874,local,0.912154,0.087846,1391744,0
E07_t22.TIF,7875,local,0.931599,0.068401,1391744,0
E07_t23.TIF,7876,local,0.90869,0.09131,1391744,0
E07_t24.TIF,7877,local,0.925322,0.074678,1391744,0
E08_t0.TIF,7878,local,0.982346,0.017654,1391744,0
E08_t01.TIF,7879,local,0.929355,0.070645,1391744,0
E08_t02.TIF,7880,local,0.963043,0.036957,1391744,0
E08_t03.TIF,7881,local,0.868205,0.131795,1391744,0
E08_t04.TIF,7882,local,0.855512,0.144488,1391744,0
E08_t05.TIF,7883,local,0.768538,0.231462,1391744,0
E08_t06.TIF,7884,local,0.732844,0.267156,1391744,0
E08_t07.TIF,7885,local,0.677273,0.322727,1391744,0
E08_t08.TIF,7886,local,0.558665,0.441335,1391744,0
E08_t09.TIF,7887,local,0.522318,0.477682,1391744,0
E08_t10.TIF,7888,local,0.35393,0.64607,1391744,0
E08_t11.TIF,7889,local,0.280524,0.719476,1391744,0
E08_t12.TIF,7890,local,0.238793,0.761207,1391744,0
E08_t13.TIF,7891,local,0.196049,0.803951,1391744,0
E08_t14.TIF,7892,local,0.187487,0.812513,1391744,0
E08_t15.TIF,7893,local,0.137919,0.862081,1391744,0
E08_t16.TIF,7894,local,0.131842,0.868158,1391744,0
E08_t17.TIF,7895,local,0.085534,0.914466,1391744,0
E08_t18.TIF,7896,local,0.073716,0.926284,1391744,0
E08_t19.TIF,7897,local,0.083687,0.916313,1391744,0
E08_t20.TIF,7898,local,0.043747,0.956253,1391744,0
E08_t21.TIF,7899,local,0.039566,0.960434,1391744,0
E08_t22.TIF,7900,local,0.056349,0.943651,1391744,0
E08_t23.TIF,7901,local,0.029028,0.970972,1391744,0
E08_t24.TIF,7902,local,0.035595,0.964405,1391744,0
E09_t0.TIF,7903,local,0.98508,0.01492,1391744,0
E09_t01.TIF,7904,local,0.94762,0.05238,1391744,0
E09_t02.TIF,7905,local,0.94092,0.05908,1391744,0
E09_t03.TIF,7906,local,0.941368,0.058632,1391744,0
E09_t04.TIF,7907,local,0.942039,0.057961,1391744,0
E09_t05.TIF,7908,local,0.938301,0.061699,1391744,0
E09_t06.TIF,7909,local,0.937899,0.062101,1391744,0
E09_t07.TIF,7910,local,0.936905,0.063095,1391744,0
E09_t08.TIF,7911,local,0.935962,0.064038,1391744,0
E09_t09.TIF,7912,local,0.937209,0.062791,1391744,0
E09_t10.TIF,7913,local,0.932349,0.067651,1391744,0
E09_t11.TIF,7914,local,0.933684,0.066316,1391744,0
E09_t12.TIF,7915,local,0.932125,0.067875,1391744,0
E09_t13.TIF,7916,local,0.933837,0.066163,1391744,0
E09_t14.TIF,7917,local,0.928757,0.071243,1391744,0
E09_t15.TIF,7918,local,0.932542,0.067458,1391744,0
E09_t16.TIF,7919,local,0.934026,0.065974,1391744,0
E09_t17.TIF,7920,local,0.933206,0.066794,1391744,0
E09_t18.TIF,7921,local,0.932828,0.067172,1391744,0
E09_t19.TIF,7922,local,0.936922,0.063078,1391744,0
E09_t20.TIF,7923,local,0.938584,0.061416,1391744,0
E09_t21.TIF,7924,local,0.937333,0.062667,1391744,0
E09_t22.TIF,7925,local,0.940748,0.059252,1391744,0
E09_t23.TIF,7926,local,0.941514,0.058486,1391744,0
E09_t24.TIF,7927,local,0.938586,0.061414,1391744,0
E10_t0.TIF,7928,local,0.983481,0.016519,1391744,0
E10_t01.TIF,7929,local,0.930855,0.069145,1391744,0
E10_t02.TIF,7930,local,0.886133,0.113867,1391744,0
E10_t03.TIF,7931,local,0.836365,0.163635,1391744,0
E10_t04.TIF,7932,local,0.776325,0.223675,1391744,0
E10_t05.TIF,7933,local,0.789809,0.210191,1391744,0
E10_t06.TIF,7934,local,0.73093,0.26907,1391744,0
E10_t07.TIF,7935,local,0.613237,0.386763,1391744,0
E10_t08.TIF,7936,local,0.542648,0.457352,1391744,0
E10_t09.TIF,7937,local,0.452419,0.547581,1391744,0
E10_t10.TIF,7938,local,0.371373,0.628627,1391744,0
E10_t11.TIF,7939,local,0.278102,0.721898,1391744,0
E10_t12.TIF,7940,local,0.210584,0.789416,1391744,0
E10_t13.TIF,7941,local,0.174644,0.825356,1391744,0
E10_t14.TIF,7942,local,0.143897,0.856103,1391744,0
E10_t15.TIF,7943,local,0.125306,0.874694,1391744,0
E10_t16.TIF,7944,local,0.078576,0.921424,1391744,0
E10_t17.TIF,7945,local,0.07901,0.92099,1391744,0
E10_t18.TIF,7946,local,0.070851,0.929149,1391744,0
E10_t19.TIF,7947,local,0.040037,0.959963,1391744,0
E10_t20.TIF,7948,local,0.043187,0.956813,1391744,0
E10_t21.TIF,7949,local,0.034375,0.965625,1391744,0
E10_t22.TIF,7950,local,0.028948,0.971052,1391744,0
E10_t23.TIF,7951,local,0.036571,0.963429,1391744,0
E10_t24.TIF,7952,local,0.036214,0.963786,1391744,0
E11_t0.TIF,7953,local,0.9854,0.0146,1391744,0
E11_t01.TIF,7954,local,0.954381,0.045619,1391744,0
E11_t02.TIF,7955,local,0.929728,0.070272,1391744,0
E11_t03.TIF,7956,local,0.940265,0.059735,1391744,0
E11_t04.TIF,7957,local,0.92197,0.07803,1391744,0
E11_t05.TIF,7958,local,0.976404,0.023596,1391744,0
E11_t06.TIF,7959,local,0.923101,0.076899,1391744,0
E11_t07.TIF,7960,local,0.915696,0.084304,1391744,0
E11_t08.TIF,7961,local,0.917636,0.082364,1391744,0
E11_t09.TIF,7962,local,0.911218,0.088782,1391744,0
E11_t10.TIF,7963,local,0.960403,0.039597,1391744,0
E11_t11.TIF,7964,local,0.916382,0.083618,1391744,0
E11_t12.TIF,7965,local,0.927658,0.072342,1391744,0
E11_t13.TIF,7966,local,0.915227,0.084773,1391744,0
E11_t14.TIF,7967,local,0.910526,0.089474,1391744,0
E11_t15.TIF,7968,local,0.958326,0.041674,1391744,0
E11_t16.TIF,7969,local,0.952048,0.047952,1391744,0
E11_t17.TIF,7970,local,0.924868,0.075132,1391744,0
E11_t18.TIF,7971,local,0.925516,0.074484,1391744,0
E11_t19.TIF,7972,local,0.909544,0.090456,1391744,0
E11_t20.TIF,7973,local,0.952744,0.047256,1391744,0
E11_t21.TIF,7974,local,0.941769,0.058231,1391744,0
E11_t22.TIF,7975,local,0.946479,0.053521,1391744,0
E11_t23.TIF,7976,local,0.940474,0.059526,1391744,0
E11_t24.TIF,7977,local,0.953823,0.046177,1391744,0
F01_t0.TIF,7978,local,0.963982,0.036018,1391744,0
F01_t01.TIF,7979,local,0.931184,0.068816,1391744,0
F01_t02.TIF,7980,local,0.937414,0.062586,1391744,0
F01_t03.TIF,7981,local,0.814543,0.185457,1391744,0
F01_t04.TIF,7982,local,0.75643,0.24357,1391744,0
F01_t05.TIF,7983,local,0.594289,0.405711,1391744,0
F01_t06.TIF,7984,local,0.554813,0.445187,1391744,0
F01_t07.TIF,7985,local,0.295377,0.704623,1391744,0
F01_t08.TIF,7986,local,0.043201,0.956799,1391744,0
F01_t09.TIF,7987,local,0.06348,0.93652,1391744,0
F01_t10.TIF,7988,local,0.010729,0.989271,1391744,0
F01_t11.TIF,7989,local,0.002342,0.997658,1391744,0
F01_t12.TIF,7990,local,0.000827,0.999173,1391744,0
F01_t13.TIF,7991,local,0.000429,0.999571,1391744,0
F01_t14.TIF,7992,local,0.000038,0.999962,1391744,0
F01_t15.TIF,7993,local,0.000049,0.999951,1391744,0
F01_t16.TIF,7994,local,0.000014,0.999986,1391744,0
F01_t17.TIF,7995,local,0.000007,0.999993,1391744,0
F01_t18.TIF,7996,local,0.000026,0.999974,1391744,0
F01_t19.TIF,7997,local,0.00001,0.99999,1391744,0
F01_t20.TIF,7998,local,0.000001,0.999999,1391744,0
F01_t21.TIF,7999,local,0.000004,0.999996,1391744,0
F01_t22.TIF,8000,local,0.000006,0.999994,1391744,0
F01_t23.TIF,8001,local,0.000007,0.999993,1391744,0
F01_t24.TIF,8002,local,0.000028,0.999972,1391744,0
F02_t0.TIF,8003,local,0.97701,0.02299,1391744,0
F02_t01.TIF,8004,local,0.931625,0.068375,1391744,0
F02_t02.TIF,8005,local,0.846398,0.153602,1391744,0
F02_t03.TIF,8006,local,0.771816,0.228184,1391744,0
F02_t04.TIF,8007,local,0.659487,0.340513,1391744,0
F02_t05.TIF,8008,local,0.509218,0.490782,1391744,0
F02_t06.TIF,8009,local,0.319558,0.680442,1391744,0
F02_t07.TIF,8010,local,0.113848,0.886152,1391744,0
F02_t08.TIF,8011,local,0.036084,0.963916,1391744,0
F02_t09.TIF,8012,local,0.006906,0.993094,1391744,0
F02_t10.TIF,8013,local,0.000681,0.999319,1391744,0
F02_t11.TIF,8014,local,0.000323,0.999677,1391744,0
F02_t12.TIF,8015,local,0.000157,0.999843,1391744,0
F02_t13.TIF,8016,local,0.00005,0.99995,1391744,0
F02_t14.TIF,8017,local,0.000008,0.999992,1391744,0
F02_t15.TIF,8018,local,0.000011,0.999989,1391744,0
F02_t16.TIF,8019,local,0,1,1391744,0
F02_t17.TIF,8020,local,0,1,1391744,0
F02_t18.TIF,8021,local,0,1,1391744,0
F02_t19.TIF,8022,local,0.000011,0.999989,1391744,0
F02_t20.TIF,8023,local,0,1,1391744,0
F02_t21.TIF,8024,local,0,1,1391744,0
F02_t22.TIF,8025,local,0.000001,0.999999,1391744,0
F02_t23.TIF,8026,local,0,1,1391744,0
F02_t24.TIF,8027,local,0,1,1391744,0
F03_t0.TIF,8028,local,0.962401,0.037599,1391744,0
F03_t01.TIF,8029,local,0.925166,0.074834,1391744,0
F03_t02.TIF,8030,local,0.888706,0.111294,1391744,0
F03_t03.TIF,8031,local,0.898059,0.101941,1391744,0
F03_t04.TIF,8032,local,0.883234,0.116766,1391744,0
F03_t05.TIF,8033,local,0.810963,0.189037,1391744,0
F03_t06.TIF,8034,local,0.776744,0.223256,1391744,0
F03_t07.TIF,8035,local,0.71892,0.28108,1391744,0
F03_t08.TIF,8036,local,0.670212,0.329788,1391744,0
F03_t09.TIF,8037,local,0.605977,0.394023,1391744,0
F03_t10.TIF,8038,local,0.52201,0.47799,1391744,0
F03_t11.TIF,8039,local,0.449315,0.550685,1391744,0
F03_t12.TIF,8040,local,0.373216,0.626784,1391744,0
F03_t13.TIF,8041,local,0.304179,0.695821,1391744,0
F03_t14.TIF,8042,local,0.291146,0.708854,1391744,0
F03_t15.TIF,8043,local,0.198103,0.801897,1391744,0
F03_t16.TIF,8044,local,0.196825,0.803175,1391744,0
F03_t17.TIF,8045,local,0.108229,0.891771,1391744,0
F03_t18.TIF,8046,local,0.094342,0.905658,1391744,0
F03_t19.TIF,8047,local,0.083731,0.916269,1391744,0
F03_t20.TIF,8048,local,0.064252,0.935748,1391744,0
F03_t21.TIF,8049,local,0.04539,0.95461,1391744,0
F03_t22.TIF,8050,local,0.032889,0.967111,1391744,0
F03_t23.TIF,8051,local,0.028173,0.971827,1391744,0
F03_t24.TIF,8052,local,0.01498,0.98502,1391744,0
F04_t0.TIF,8053,local,0.963204,0.036796,1391744,0
F04_t01.TIF,8054,local,0.915373,0.084627,1391744,0
F04_t02.TIF,8055,local,0.896227,0.103773,1391744,0
F04_t03.TIF,8056,local,0.795258,0.204742,1391744,0
F04_t04.TIF,8057,local,0.659267,0.340733,1391744,0
F04_t05.TIF,8058,local,0.506791,0.493209,1391744,0
F04_t06.TIF,8059,local,0.350797,0.649203,1391744,0
F04_t07.TIF,8060,local,0.12173,0.87827,1391744,0
F04_t08.TIF,8061,local,0.030996,0.969004,1391744,0
F04_t09.TIF,8062,local,0.007202,0.992798,1391744,0
F04_t10.TIF,8063,local,0.001872,0.998128,1391744,0
F04_t11.TIF,8064,local,0.00069,0.99931,1391744,0
F04_t12.TIF,8065,local,0.000313,0.999687,1391744,0
F04_t13.TIF,8066,local,0.000153,0.999847,1391744,0
F04_t14.TIF,8067,local,0.000078,0.999922,1391744,0
F04_t15.TIF,8068,local,0.000024,0.999976,1391744,0
F04_t16.TIF,8069,local,0.000006,0.999994,1391744,0
F04_t17.TIF,8070,local,0.000001,0.999999,1391744,0
F04_t18.TIF,8071,local,0.000005,0.999995,1391744,0
F04_t19.TIF,8072,local,0.00001,0.99999,1391744,0
F04_t20.TIF,8073,local,0,1,1391744,0
F04_t21.TIF,8074,local,0,1,1391744,0
F04_t22.TIF,8075,local,0.000004,0.999996,1391744,0
F04_t23.TIF,8076,local,0,1,1391744,0
F04_t24.TIF,8077,local,0.000007,0.999993,1391744,0
F05_t0.TIF,8078,local,0.95815,0.04185,1391744,0
F05_t01.TIF,8079,local,0.926122,0.073878,1391744,0
F05_t02.TIF,8080,local,0.92694,0.07306,1391744,0
F05_t03.TIF,8081,local,0.908906,0.091094,1391744,0
F05_t04.TIF,8082,local,0.897985,0.102015,1391744,0
F05_t05.TIF,8083,local,0.940909,0.059091,1391744,0
F05_t06.TIF,8084,local,0.895311,0.104689,1391744,0
F05_t07.TIF,8085,local,0.901395,0.098605,1391744,0
F05_t08.TIF,8086,local,0.888612,0.111388,1391744,0
F05_t09.TIF,8087,local,0.871952,0.128048,1391744,0
F05_t10.TIF,8088,local,0.902197,0.097803,1391744,0
F05_t11.TIF,8089,local,0.891462,0.108538,1391744,0
F05_t12.TIF,8090,local,0.880318,0.119682,1391744,0
F05_t13.TIF,8091,local,0.882428,0.117572,1391744,0
F05_t14.TIF,8092,local,0.864635,0.135365,1391744,0
F05_t15.TIF,8093,local,0.871448,0.128552,1391744,0
F05_t16.TIF,8094,local,0.831009,0.168991,1391744,0
F05_t17.TIF,8095,local,0.842958,0.157042,1391744,0
F05_t18.TIF,8096,local,0.853736,0.146264,1391744,0
F05_t19.TIF,8097,local,0.792423,0.207577,1391744,0
F05_t20.TIF,8098,local,0.816804,0.183196,1391744,0
F05_t21.TIF,8099,local,0.819207,0.180793,1391744,0
F05_t22.TIF,8100,local,0.795933,0.204067,1391744,0
F05_t23.TIF,8101,local,0.812418,0.187582,1391744,0
F05_t24.TIF,8102,local,0.807846,0.192154,1391744,0
F06_t0.TIF,8103,local,0.963782,0.036218,1391744,0
F06_t01.TIF,8104,local,0.944868,0.055132,1391744,0
F06_t02.TIF,8105,local,0.928485,0.071515,1391744,0
F06_t03.TIF,8106,local,0.817281,0.182719,1391744,0
F06_t04.TIF,8107,local,0.745529,0.254471,1391744,0
F06_t05.TIF,8108,local,0.607669,0.392331,1391744,0
F06_t06.TIF,8109,local,0.47204,0.52796,1391744,0
F06_t07.TIF,8110,local,0.276649,0.723351,1391744,0
F06_t08.TIF,8111,local,0.050701,0.949299,1391744,0
F06_t09.TIF,8112,local,0.035108,0.964892,1391744,0
F06_t10.TIF,8113,local,0.007112,0.992888,1391744,0
F06_t11.TIF,8114,local,0.001938,0.998062,1391744,0
F06_t12.TIF,8115,local,0.00097,0.99903,1391744,0
F06_t13.TIF,8116,local,0.000517,0.999483,1391744,0
F06_t14.TIF,8117,local,0.000161,0.999839,1391744,0
F06_t15.TIF,8118,local,0.000171,0.999829,1391744,0
F06_t16.TIF,8119,local,0.000039,0.999961,1391744,0
F06_t17.TIF,8120,local,0.000051,0.999949,1391744,0
F06_t18.TIF,8121,local,0.000025,0.999975,1391744,0
F06_t19.TIF,8122,local,0.000045,0.999955,1391744,0
F06_t20.TIF,8123,local,0.000039,0.999961,1391744,0
F06_t21.TIF,8124,local,0.000001,0.999999,1391744,0
F06_t22.TIF,8125,local,0.00001,0.99999,1391744,0
F06_t23.TIF,8126,local,0.000013,0.999987,1391744,0
F06_t24.TIF,8127,local,0.000033,0.999967,1391744,0
F07_t0.TIF,8128,local,0.977761,0.022239,1391744,0
F07_t01.TIF,8129,local,0.931805,0.068195,1391744,0
F07_t02.TIF,8130,local,0.926607,0.073393,1391744,0
F07_t03.TIF,8131,local,0.934395,0.065605,1391744,0
F07_t04.TIF,8132,local,0.928088,0.071912,1391744,0
F07_t05.TIF,8133,local,0.923543,0.076457,1391744,0
F07_t06.TIF,8134,local,0.924705,0.075295,1391744,0
F07_t07.TIF,8135,local,0.922475,0.077525,1391744,0
F07_t08.TIF,8136,local,0.931381,0.068619,1391744,0
F07_t09.TIF,8137,local,0.923114,0.076886,1391744,0
F07_t10.TIF,8138,local,0.950558,0.049442,1391744,0
F07_t11.TIF,8139,local,0.949012,0.050988,1391744,0
F07_t12.TIF,8140,local,0.947796,0.052204,1391744,0
F07_t13.TIF,8141,local,0.954489,0.045511,1391744,0
F07_t14.TIF,8142,local,0.943987,0.056013,1391744,0
F07_t15.TIF,8143,local,0.954404,0.045596,1391744,0
F07_t16.TIF,8144,local,0.94302,0.05698,1391744,0
F07_t17.TIF,8145,local,0.945883,0.054117,1391744,0
F07_t18.TIF,8146,local,0.944005,0.055995,1391744,0
F07_t19.TIF,8147,local,0.948046,0.051954,1391744,0
F07_t20.TIF,8148,local,0.93227,0.06773,1391744,0
F07_t21.TIF,8149,local,0.933919,0.066081,1391744,0
F07_t22.TIF,8150,local,0.947478,0.052522,1391744,0
F07_t23.TIF,8151,local,0.933673,0.066327,1391744,0
F07_t24.TIF,8152,local,0.945326,0.054674,1391744,0
F08_t0.TIF,8153,local,0.966897,0.033103,1391744,0
F08_t01.TIF,8154,local,0.946168,0.053832,1391744,0
F08_t02.TIF,8155,local,0.921875,0.078125,1391744,0
F08_t03.TIF,8156,local,0.812229,0.187771,1391744,0
F08_t04.TIF,8157,local,0.753971,0.246029,1391744,0
F08_t05.TIF,8158,local,0.641961,0.358039,1391744,0
F08_t06.TIF,8159,local,0.49686,0.50314,1391744,0
F08_t07.TIF,8160,local,0.400757,0.599243,1391744,0
F08_t08.TIF,8161,local,0.127492,0.872508,1391744,0
F08_t09.TIF,8162,local,0.131063,0.868937,1391744,0
F08_t10.TIF,8163,local,0.022187,0.977813,1391744,0
F08_t11.TIF,8164,local,0.009782,0.990218,1391744,0
F08_t12.TIF,8165,local,0.003569,0.996431,1391744,0
F08_t13.TIF,8166,local,0.001363,0.998637,1391744,0
F08_t14.TIF,8167,local,0.00129,0.99871,1391744,0
F08_t15.TIF,8168,local,0.000535,0.999465,1391744,0
F08_t16.TIF,8169,local,0.000089,0.999911,1391744,0
F08_t17.TIF,8170,local,0.000071,0.999929,1391744,0
F08_t18.TIF,8171,local,0.000024,0.999976,1391744,0
F08_t19.TIF,8172,local,0.000042,0.999958,1391744,0
F08_t20.TIF,8173,local,0.000008,0.999992,1391744,0
F08_t21.TIF,8174,local,0.000001,0.999999,1391744,0
F08_t22.TIF,8175,local,0.000033,0.999967,1391744,0
F08_t23.TIF,8176,local,0.000017,0.999983,1391744,0
F08_t24.TIF,8177,local,0.000015,0.999985,1391744,0
F09_t0.TIF,8178,local,0.961071,0.038929,1391744,0
F09_t01.TIF,8179,local,0.92618,0.07382,1391744,0
F09_t02.TIF,8180,local,0.898276,0.101724,1391744,0
F09_t03.TIF,8181,local,0.965605,0.034395,1391744,0
F09_t04.TIF,8182,local,0.906188,0.093812,1391744,0
F09_t05.TIF,8183,local,0.925455,0.074545,1391744,0
F09_t06.TIF,8184,local,0.914572,0.085428,1391744,0
F09_t07.TIF,8185,local,0.878221,0.121779,1391744,0
F09_t08.TIF,8186,local,0.955693,0.044307,1391744,0
F09_t09.TIF,8187,local,0.89445,0.10555,1391744,0
F09_t10.TIF,8188,local,0.940796,0.059204,1391744,0
F09_t11.TIF,8189,local,0.943297,0.056703,1391744,0
F09_t12.TIF,8190,local,0.941213,0.058787,1391744,0
F09_t13.TIF,8191,local,0.936202,0.063798,1391744,0
F09_t14.TIF,8192,local,0.924844,0.075156,1391744,0
F09_t15.TIF,8193,local,0.927233,0.072767,1391744,0
F09_t16.TIF,8194,local,0.917131,0.082869,1391744,0
F09_t17.TIF,8195,local,0.926812,0.073188,1391744,0
F09_t18.TIF,8196,local,0.918799,0.081201,1391744,0
F09_t19.TIF,8197,local,0.918507,0.081493,1391744,0
F09_t20.TIF,8198,local,0.927051,0.072949,1391744,0
F09_t21.TIF,8199,local,0.922488,0.077512,1391744,0
F09_t22.TIF,8200,local,0.908543,0.091457,1391744,0
F09_t23.TIF,8201,local,0.92188,0.07812,1391744,0
F09_t24.TIF,8202,local,0.917793,0.082207,1391744,0
F10_t0.TIF,8203,local,0.978886,0.021114,1391744,0
F10_t01.TIF,8204,local,0.957463,0.042537,1391744,0
F10_t02.TIF,8205,local,0.928665,0.071335,1391744,0
F10_t03.TIF,8206,local,0.842085,0.157915,1391744,0
F10_t04.TIF,8207,local,0.807339,0.192661,1391744,0
F10_t05.TIF,8208,local,0.726654,0.273346,1391744,0
F10_t06.TIF,8209,local,0.677708,0.322292,1391744,0
F10_t07.TIF,8210,local,0.62001,0.37999,1391744,0
F10_t08.TIF,8211,local,0.545066,0.454934,1391744,0
F10_t09.TIF,8212,local,0.488924,0.511076,1391744,0
F10_t10.TIF,8213,local,0.361021,0.638979,1391744,0
F10_t11.TIF,8214,local,0.300782,0.699218,1391744,0
F10_t12.TIF,8215,local,0.234834,0.765166,1391744,0
F10_t13.TIF,8216,local,0.167054,0.832946,1391744,0
F10_t14.TIF,8217,local,0.157402,0.842598,1391744,0
F10_t15.TIF,8218,local,0.075298,0.924702,1391744,0
F10_t16.TIF,8219,local,0.122377,0.877623,1391744,0
F10_t17.TIF,8220,local,0.031064,0.968936,1391744,0
F10_t18.TIF,8221,local,0.013452,0.986548,1391744,0
F10_t19.TIF,8222,local,0.081853,0.918147,1391744,0
F10_t20.TIF,8223,local,0.002705,0.997295,1391744,0
F10_t21.TIF,8224,local,0.000901,0.999099,1391744,0
F10_t22.TIF,8225,local,0.062916,0.937084,1391744,0
F10_t23.TIF,8226,local,0.000929,0.999071,1391744,0
F10_t24.TIF,8227,local,0.000342,0.999658,1391744,0
F11_t0.TIF,8228,local,0.952423,0.047577,1391744,0
F11_t01.TIF,8229,local,0.929629,0.070371,1391744,0
F11_t02.TIF,8230,local,0.916537,0.083463,1391744,0
F11_t03.TIF,8231,local,0.91323,0.08677,1391744,0
F11_t04.TIF,8232,local,0.91268,0.08732,1391744,0
F11_t05.TIF,8233,local,0.912514,0.087486,1391744,0
F11_t06.TIF,8234,local,0.907418,0.092582,1391744,0
F11_t07.TIF,8235,local,0.881208,0.118792,1391744,0
F11_t08.TIF,8236,local,0.900102,0.099898,1391744,0
F11_t09.TIF,8237,local,0.881904,0.118096,1391744,0
F11_t10.TIF,8238,local,0.910186,0.089814,1391744,0
F11_t11.TIF,8239,local,0.904479,0.095521,1391744,0
F11_t12.TIF,8240,local,0.899158,0.100842,1391744,0
F11_t13.TIF,8241,local,0.902215,0.097785,1391744,0
F11_t14.TIF,8242,local,0.889491,0.110509,1391744,0
F11_t15.TIF,8243,local,0.923121,0.076879,1391744,0
F11_t16.TIF,8244,local,0.910041,0.089959,1391744,0
F11_t17.TIF,8245,local,0.903306,0.096694,1391744,0
F11_t18.TIF,8246,local,0.901947,0.098053,1391744,0
F11_t19.TIF,8247,local,0.876565,0.123435,1391744,0
F11_t20.TIF,8248,local,0.902849,0.097151,1391744,0
F11_t21.TIF,8249,local,0.926065,0.073935,1391744,0
F11_t22.TIF,8250,local,0.908868,0.091132,1391744,0
F11_t23.TIF,8251,local,0.927352,0.072648,1391744,0
F11_t24.TIF,8252,local,0.907548,0.092452,1391744,0
G01_t0.TIF,8253,local,0.980785,0.019215,1391744,0
G01_t01.TIF,8254,local,0.97044,0.02956,1391744,0
G01_t02.TIF,8255,local,0.888021,0.111979,1391744,0
G01_t03.TIF,8256,local,0.930713,0.069287,1391744,0
G01_t04.TIF,8257,local,0.842707,0.157293,1391744,0
G01_t05.TIF,8258,local,0.672108,0.327892,1391744,0
G01_t06.TIF,8259,local,0.483665,0.516335,1391744,0
G01_t07.TIF,8260,local,0.151713,0.848287,1391744,0
G01_t08.TIF,8261,local,0.238005,0.761995,1391744,0
G01_t09.TIF,8262,local,0.049133,0.950867,1391744,0
G01_t10.TIF,8263,local,0.12558,0.87442,1391744,0
G01_t11.TIF,8264,local,0.079623,0.920377,1391744,0
G01_t12.TIF,8265,local,0.048242,0.951758,1391744,0
G01_t13.TIF,8266,local,0.019354,0.980646,1391744,0
G01_t14.TIF,8267,local,0.000572,0.999428,1391744,0
G01_t15.TIF,8268,local,0.003069,0.996931,1391744,0
G01_t16.TIF,8269,local,0.000042,0.999958,1391744,0
G01_t17.TIF,8270,local,0.000896,0.999104,1391744,0
G01_t18.TIF,8271,local,0.000135,0.999865,1391744,0
G01_t19.TIF,8272,local,0,1,1391744,0
G01_t20.TIF,8273,local,0.000127,0.999873,1391744,0
G01_t21.TIF,8274,local,0.000007,0.999993,1391744,0
G01_t22.TIF,8275,local,0.000013,0.999987,1391744,0
G01_t23.TIF,8276,local,0.000158,0.999842,1391744,0
G01_t24.TIF,6603,local,0.000221,0.999779,1391744,0
G02_t0.TIF,8277,local,0.983753,0.016247,1391744,0
G02_t01.TIF,8278,local,0.913135,0.086865,1391744,0
G02_t02.TIF,8279,local,0.801515,0.198485,1391744,0
G02_t03.TIF,8280,local,0.847085,0.152915,1391744,0
G02_t04.TIF,8281,local,0.678437,0.321563,1391744,0
G02_t05.TIF,8282,local,0.64451,0.35549,1391744,0
G02_t06.TIF,8283,local,0.528671,0.471329,1391744,0
G02_t07.TIF,8284,local,0.390965,0.609035,1391744,0
G02_t08.TIF,8285,local,0.533257,0.466743,1391744,0
G02_t09.TIF,6606,local,0.367254,0.632746,1391744,0
G02_t10.TIF,8286,local,0.505769,0.494231,1391744,0
G02_t11.TIF,8287,local,0.472661,0.527339,1391744,0
G02_t12.TIF,8288,local,0.469097,0.530903,1391744,0
G02_t13.TIF,8289,local,0.440934,0.559066,1391744,0
G02_t14.TIF,8290,local,0.314033,0.685967,1391744,0
G02_t15.TIF,8291,local,0.415628,0.584372,1391744,0
G02_t16.TIF,8292,local,0.28603,0.71397,1391744,0
G02_t17.TIF,8293,local,0.418238,0.581762,1391744,0
G02_t18.TIF,8294,local,0.357282,0.642718,1391744,0
G02_t19.TIF,8295,local,0.258928,0.741072,1391744,0
G02_t20.TIF,8296,local,0.432383,0.567617,1391744,0
G02_t21.TIF,8297,local,0.430589,0.569411,1391744,0
G02_t22.TIF,8298,local,0.279781,0.720219,1391744,0
G02_t23.TIF,8299,local,0.414702,0.585298,1391744,0
G02_t24.TIF,8300,local,0.341519,0.658481,1391744,0
G03_t0.TIF,8301,local,0.979293,0.020707,1391744,0
G03_t01.TIF,8302,local,0.94501,0.05499,1391744,0
G03_t02.TIF,8303,local,0.941082,0.058918,1391744,0
G03_t03.TIF,8304,local,0.931656,0.068344,1391744,0
G03_t04.TIF,8305,local,0.793495,0.206505,1391744,0
G03_t05.TIF,8306,local,0.722816,0.277184,1391744,0
G03_t06.TIF,8307,local,0.696603,0.303397,1391744,0
G03_t07.TIF,8308,local,0.43943,0.56057,1391744,0
G03_t08.TIF,8309,local,0.454836,0.545164,1391744,0
G03_t09.TIF,8310,local,0.306801,0.693199,1391744,0
G03_t10.TIF,8311,local,0.314375,0.685625,1391744,0
G03_t11.TIF,8312,local,0.255878,0.744122,1391744,0
G03_t12.TIF,8313,local,0.221112,0.778888,1391744,0
G03_t13.TIF,8314,local,0.174569,0.825431,1391744,0
G03_t14.TIF,8315,local,0.117404,0.882596,1391744,0
G03_t15.TIF,8316,local,0.10644,0.89356,1391744,0
G03_t16.TIF,8317,local,0.037717,0.962283,1391744,0
G03_t17.TIF,8318,local,0.044535,0.955465,1391744,0
G03_t18.TIF,8319,local,0.013766,0.986234,1391744,0
G03_t19.TIF,8320,local,0.002918,0.997082,1391744,0
G03_t20.TIF,8321,local,0.007775,0.992225,1391744,0
G03_t21.TIF,8322,local,0.002784,0.997216,1391744,0
G03_t22.TIF,8323,local,0.00045,0.99955,1391744,0
G03_t23.TIF,8324,local,0.000835,0.999165,1391744,0
G03_t24.TIF,8325,local,0.000354,0.999646,1391744,0
G04_t0.TIF,8326,local,0.984389,0.015611,1391744,0
G04_t01.TIF,8327,local,0.919738,0.080262,1391744,0
G04_t02.TIF,8328,local,0.833475,0.166525,1391744,0
G04_t03.TIF,8329,local,0.750701,0.249299,1391744,0
G04_t04.TIF,8330,local,0.632645,0.367355,1391744,0
G04_t05.TIF,8331,local,0.623571,0.376429,1391744,0
G04_t06.TIF,8332,local,0.617124,0.382876,1391744,0
G04_t07.TIF,8333,local,0.580482,0.419518,1391744,0
G04_t08.TIF,8334,local,0.514841,0.485159,1391744,0
G04_t09.TIF,8335,local,0.489278,0.510722,1391744,0
G04_t10.TIF,8336,local,0.474455,0.525545,1391744,0
G04_t11.TIF,8337,local,0.447399,0.552601,1391744,0
G04_t12.TIF,8338,local,0.428016,0.571984,1391744,0
G04_t13.TIF,8339,local,0.393131,0.606869,1391744,0
G04_t14.TIF,8340,local,0.440639,0.559361,1391744,0
G04_t15.TIF,8341,local,0.386112,0.613888,1391744,0
G04_t16.TIF,8342,local,0.409674,0.590326,1391744,0
G04_t17.TIF,8343,local,0.380069,0.619931,1391744,0
G04_t18.TIF,8344,local,0.333148,0.666852,1391744,0
G04_t19.TIF,8345,local,0.380888,0.619112,1391744,0
G04_t20.TIF,8346,local,0.373262,0.626738,1391744,0
G04_t21.TIF,8347,local,0.361304,0.638696,1391744,0
G04_t22.TIF,8348,local,0.349107,0.650893,1391744,0
G04_t23.TIF,8349,local,0.353315,0.646685,1391744,0
G04_t24.TIF,8350,local,0.29824,0.70176,1391744,0
G05_t0.TIF,8351,local,0.984544,0.015456,1391744,0
G05_t01.TIF,8352,local,0.921761,0.078239,1391744,0
G05_t02.TIF,8353,local,0.900977,0.099023,1391744,0
G05_t03.TIF,8354,local,0.960996,0.039004,1391744,0
G05_t04.TIF,8355,local,0.948693,0.051307,1391744,0
G05_t05.TIF,8356,local,0.92822,0.07178,1391744,0
G05_t06.TIF,8357,local,0.883719,0.116281,1391744,0
G05_t07.TIF,8358,local,0.841786,0.158214,1391744,0
G05_t08.TIF,8359,local,0.754874,0.245126,1391744,0
G05_t09.TIF,8360,local,0.812855,0.187145,1391744,0
G05_t10.TIF,8361,local,0.653957,0.346043,1391744,0
G05_t11.TIF,8362,local,0.6031,0.3969,1391744,0
G05_t12.TIF,8363,local,0.552681,0.447319,1391744,0
G05_t13.TIF,8364,local,0.520629,0.479371,1391744,0
G05_t14.TIF,8365,local,0.504066,0.495934,1391744,0
G05_t15.TIF,8366,local,0.417172,0.582828,1391744,0
G05_t16.TIF,8367,local,0.401611,0.598389,1391744,0
G05_t17.TIF,8368,local,0.292443,0.707557,1391744,0
G05_t18.TIF,8369,local,0.251267,0.748733,1391744,0
G05_t19.TIF,8370,local,0.24272,0.75728,1391744,0
G05_t20.TIF,8371,local,0.190128,0.809872,1391744,0
G05_t21.TIF,8372,local,0.162879,0.837121,1391744,0
G05_t22.TIF,8373,local,0.145714,0.854286,1391744,0
G05_t23.TIF,8374,local,0.129761,0.870239,1391744,0
G05_t24.TIF,8375,local,0.093555,0.906445,1391744,0
G06_t0.TIF,8376,local,0.984471,0.015529,1391744,0
G06_t01.TIF,8377,local,0.91741,0.08259,1391744,0
G06_t02.TIF,8378,local,0.935361,0.064639,1391744,0
G06_t03.TIF,8379,local,0.762918,0.237082,1391744,0
G06_t04.TIF,8380,local,0.690564,0.309436,1391744,0
G06_t05.TIF,8381,local,0.685617,0.314383,1391744,0
G06_t06.TIF,8382,local,0.635117,0.364883,1391744,0
G06_t07.TIF,8383,local,0.573505,0.426495,1391744,0
G06_t08.TIF,8384,local,0.575902,0.424098,1391744,0
G06_t09.TIF,8385,local,0.54849,0.45151,1391744,0
G06_t10.TIF,8386,local,0.525328,0.474672,1391744,0
G06_t11.TIF,8387,local,0.524175,0.475825,1391744,0
G06_t12.TIF,8388,local,0.501464,0.498536,1391744,0
G06_t13.TIF,8389,local,0.483855,0.516145,1391744,0
G06_t14.TIF,8390,local,0.482522,0.517478,1391744,0
G06_t15.TIF,8391,local,0.456653,0.543347,1391744,0
G06_t16.TIF,8392,local,0.441794,0.558206,1391744,0
G06_t17.TIF,8393,local,0.415683,0.584317,1391744,0
G06_t18.TIF,8394,local,0.427499,0.572501,1391744,0
G06_t19.TIF,8395,local,0.398844,0.601156,1391744,0
G06_t20.TIF,8396,local,0.405747,0.594253,1391744,0
G06_t21.TIF,8397,local,0.408346,0.591654,1391744,0
G06_t22.TIF,8398,local,0.374116,0.625884,1391744,0
G06_t23.TIF,8399,local,0.339953,0.660047,1391744,0
G06_t24.TIF,8400,local,0.371927,0.628073,1391744,0
G07_t0.TIF,8401,local,0.982691,0.017309,1391744,0
G07_t01.TIF,8402,local,0.930368,0.069632,1391744,0
G07_t02.TIF,8403,local,0.925607,0.074393,1391744,0
G07_t03.TIF,8404,local,0.918183,0.081817,1391744,0
G07_t04.TIF,8405,local,0.914446,0.085554,1391744,0
G07_t05.TIF,8406,local,0.90965,0.09035,1391744,0
G07_t06.TIF,8407,local,0.919824,0.080176,1391744,0
G07_t07.TIF,8408,local,0.893768,0.106232,1391744,0
G07_t08.TIF,8409,local,0.891136,0.108864,1391744,0
G07_t09.TIF,8410,local,0.88496,0.11504,1391744,0
G07_t10.TIF,8411,local,0.926929,0.073071,1391744,0
G07_t11.TIF,8412,local,0.936109,0.063891,1391744,0
G07_t12.TIF,8413,local,0.91982,0.08018,1391744,0
G07_t13.TIF,8414,local,0.909684,0.090316,1391744,0
G07_t14.TIF,8415,local,0.920123,0.079877,1391744,0
G07_t15.TIF,8416,local,0.890813,0.109187,1391744,0
G07_t16.TIF,8417,local,0.895114,0.104886,1391744,0
G07_t17.TIF,8418,local,0.880151,0.119849,1391744,0
G07_t18.TIF,8419,local,0.879243,0.120757,1391744,0
G07_t19.TIF,8420,local,0.879193,0.120807,1391744,0
G07_t20.TIF,8421,local,0.836551,0.163449,1391744,0
G07_t21.TIF,8422,local,0.828401,0.171599,1391744,0
G07_t22.TIF,8423,local,0.84119,0.15881,1391744,0
G07_t23.TIF,8424,local,0.820805,0.179195,1391744,0
G07_t24.TIF,8425,local,0.844101,0.155899,1391744,0
G08_t0.TIF,8426,local,0.982972,0.017028,1391744,0
G08_t01.TIF,8427,local,0.953985,0.046015,1391744,0
G08_t02.TIF,8428,local,0.966342,0.033658,1391744,0
G08_t03.TIF,8429,local,0.863024,0.136976,1391744,0
G08_t04.TIF,8430,local,0.80243,0.19757,1391744,0
G08_t05.TIF,8431,local,0.79042,0.20958,1391744,0
G08_t06.TIF,8432,local,0.778394,0.221606,1391744,0
G08_t07.TIF,8433,local,0.709663,0.290337,1391744,0
G08_t08.TIF,8434,local,0.708684,0.291316,1391744,0
G08_t09.TIF,8435,local,0.678205,0.321795,1391744,0
G08_t10.TIF,8436,local,0.617113,0.382887,1391744,0
G08_t11.TIF,8437,local,0.6099,0.3901,1391744,0
G08_t12.TIF,8438,local,0.597475,0.402525,1391744,0
G08_t13.TIF,8439,local,0.551955,0.448045,1391744,0
G08_t14.TIF,8440,local,0.54623,0.45377,1391744,0
G08_t15.TIF,8441,local,0.541659,0.458341,1391744,0
G08_t16.TIF,8442,local,0.539159,0.460841,1391744,0
G08_t17.TIF,8443,local,0.514807,0.485193,1391744,0
G08_t18.TIF,8444,local,0.489825,0.510175,1391744,0
G08_t19.TIF,8445,local,0.512635,0.487365,1391744,0
G08_t20.TIF,8446,local,0.52294,0.47706,1391744,0
G08_t21.TIF,8447,local,0.523179,0.476821,1391744,0
G08_t22.TIF,8448,local,0.498906,0.501094,1391744,0
G08_t23.TIF,8449,local,0.529504,0.470496,1391744,0
G08_t24.TIF,8450,local,0.480463,0.519537,1391744,0
G09_t0.TIF,8451,local,0.983543,0.016457,1391744,0
G09_t01.TIF,8452,local,0.937133,0.062867,1391744,0
G09_t02.TIF,8453,local,0.934983,0.065017,1391744,0
G09_t03.TIF,8454,local,0.931662,0.068338,1391744,0
G09_t04.TIF,8455,local,0.935405,0.064595,1391744,0
G09_t05.TIF,8456,local,0.929892,0.070108,1391744,0
G09_t06.TIF,8457,local,0.927116,0.072884,1391744,0
G09_t07.TIF,8458,local,0.912784,0.087216,1391744,0
G09_t08.TIF,8459,local,0.92553,0.07447,1391744,0
G09_t09.TIF,8460,local,0.911066,0.088934,1391744,0
G09_t10.TIF,8461,local,0.923346,0.076654,1391744,0
G09_t11.TIF,8462,local,0.926559,0.073441,1391744,0
G09_t12.TIF,8463,local,0.930442,0.069558,1391744,0
G09_t13.TIF,8464,local,0.935329,0.064671,1391744,0
G09_t14.TIF,8465,local,0.973071,0.026929,1391744,0
G09_t15.TIF,8466,local,0.978133,0.021867,1391744,0
G09_t16.TIF,8467,local,0.925216,0.074784,1391744,0
G09_t17.TIF,8468,local,0.975727,0.024273,1391744,0
G09_t18.TIF,8469,local,0.976677,0.023323,1391744,0
G09_t19.TIF,8470,local,0.964717,0.035283,1391744,0
G09_t20.TIF,8471,local,0.968341,0.031659,1391744,0
G09_t21.TIF,8472,local,0.957394,0.042606,1391744,0
G09_t22.TIF,8473,local,0.936906,0.063094,1391744,0
G09_t23.TIF,8474,local,0.957863,0.042137,1391744,0
G09_t24.TIF,8475,local,0.965033,0.034967,1391744,0
