Strain,Enviro,MIC50,Mass,Mass_norm,Activity,Activity_norm,PreMass
yAG104,0,0.4,0.371050850340136,0.14350544217687072,1.1471301020408162,0,0.2275454081632653
yAG104,0.39,0.4,0.3771841836734694,0.1496387755102041,1.247396768707483,0.10026666666666677,0.2275454081632653
yAG104,0.78,0.4,0.29965085034013605,0.07210544217687076,1.1036301020408164,-0.04349999999999998,0.2275454081632653
yAG104,1.56,0.4,0.20778418367346937,-0.01976122448979592,0.9145301020408163,-0.23259999999999995,0.2275454081632653
yAG104,12.5,0.4,0.20485085034013606,-0.022694557823129236,1.0126634353741497,-0.1344666666666666,0.2275454081632653
yAG104,3.12,0.4,0.20281751700680273,-0.024727891156462567,0.8133301020408162,-0.3338,0.2275454081632653
yAG104,6.25,0.4,0.24475085034013605,0.017205442176870755,0.9032634353741495,-0.24386666666666668,0.2275454081632653
yAG106,0,0.8,0.2051341836734694,-0.010318367346938778,0.31683010204081635,0,0.21545255102040817
yAG106,0.39,0.8,0.3689341836734694,0.15348163265306125,0.33253010204081634,0.015700000000000006,0.21545255102040817
yAG106,0.78,0.8,0.2381341836734694,0.022681632653061223,0.21423010204081633,-0.1026,0.21545255102040817
yAG106,1.56,0.8,0.2118841836734694,-0.0035683673469387722,0.07791505102040817,-0.23891505102040816,0.21545255102040817
yAG106,12.5,0.8,0.11778418367346938,-0.09766836734693879,0.19148010204081634,-0.12535000000000002,0.21545255102040817
yAG106,3.12,0.8,0.1201341836734694,-0.09531836734693877,0.12418010204081632,-0.19265,0.21545255102040817
yAG106,6.25,0.8,0.09063418367346938,-0.12481836734693878,0.1322801020408163,-0.18455000000000005,0.21545255102040817
yAG109,0,0.8,0.3753341836734694,-0.01346122448979592,0.20538010204081633,0,0.3887954081632653
yAG109,0.39,0.8,0.5400841836734693,0.15128877551020403,0.19253010204081633,-0.01285,0.3887954081632653
yAG109,0.78,0.8,0.4168841836734694,0.02808877551020411,0.20343010204081632,-0.0019500000000000073,0.3887954081632653
yAG109,1.56,0.8,0.3252341836734694,-0.0635612244897959,0.2601801020408163,0.054799999999999974,0.3887954081632653
yAG109,12.5,0.8,0.25043418367346937,-0.13836122448979593,0.06323010204081633,-0.14215,0.3887954081632653
yAG109,3.12,0.8,0.3222341836734694,-0.0665612244897959,0.10358010204081633,-0.1018,0.3887954081632653
yAG109,6.25,0.8,0.30593418367346936,-0.08286122448979594,0.09573010204081632,-0.10965000000000001,0.3887954081632653
yAG110,0,0.8,0.8546841836734693,0.3456816326530612,0.5250801020408163,0,0.5090025510204081
yAG110,0.39,0.8,0.8474841836734694,0.3384816326530613,0.5471301020408164,0.02204999999999996,0.5090025510204081
yAG110,0.78,0.8,0.6871341836734695,0.1781316326530613,0.5307301020408163,0.005649999999999933,0.5090025510204081
yAG110,1.56,0.8,0.5020341836734694,-0.006968367346938731,0.4957301020408163,-0.029350000000000043,0.5090025510204081
yAG110,12.5,0.8,0.3399841836734694,-0.16901836734693876,0.30568010204081636,-0.21939999999999998,0.5090025510204081
yAG110,3.12,0.8,0.4773341836734694,-0.03166836734693873,0.3576301020408163,-0.16745000000000004,0.5090025510204081
yAG110,6.25,0.8,0.6659841836734695,0.1569816326530613,0.27243010204081636,-0.25265,0.5090025510204081
yAG112,0,0.4,0.2757841836734694,0.05490544217687077,0.800896768707483,0,0.22087874149659864
yAG112,0.39,0.4,0.2862508503401361,0.06537210884353745,0.794996768707483,-0.005900000000000016,0.22087874149659864
yAG112,0.78,0.4,0.30661751700680273,0.08573877551020409,0.8807634353741497,0.07986666666666664,0.22087874149659864
yAG112,1.56,0.4,0.21685085034013604,-0.0040278911564625985,0.7676634353741496,-0.03323333333333341,0.22087874149659864
yAG112,12.5,0.4,0.15545085034013606,-0.06542789115646258,0.696896768707483,-0.10400000000000005,0.22087874149659864
yAG112,3.12,0.4,0.19335085034013605,-0.02752789115646259,0.629496768707483,-0.17140000000000002,0.22087874149659864
yAG112,6.25,0.4,0.16548418367346937,-0.05539455782312927,0.5272634353741497,-0.2736333333333334,0.22087874149659864
yAG113,0,0.4,0.3773841836734694,0.07301972789115646,1.6853301020408165,0,0.3043644557823129
yAG113,0.39,0.4,0.48671751700680277,0.18235306122448985,1.836996768707483,0.1516666666666667,0.3043644557823129
yAG113,0.78,0.4,0.4844508503401361,0.18008639455782316,1.9824634353741497,0.29713333333333325,0.3043644557823129
yAG113,1.56,0.4,0.3909175170068027,0.0865530612244898,1.5310301020408164,-0.1543000000000002,0.3043644557823129
yAG113,12.5,0.4,0.1828841836734694,-0.12148027210884352,1.1904301020408163,-0.4949000000000002,0.3043644557823129
yAG113,3.12,0.4,0.29488418367346936,-0.009480272108843557,1.1693301020408162,-0.5160000000000001,0.3043644557823129
yAG113,6.25,0.4,0.23615085034013605,-0.06821360544217686,1.0494301020408163,-0.6359000000000001,0.3043644557823129
yAG116,0,0.8,0.15028418367346938,0.07165306122448979,0.25393010204081634,0,0.07863112244897959
yAG116,0.39,0.8,0.11408418367346938,0.035453061224489796,0.2530801020408163,-8.500000000000035e-4,0.07863112244897959
yAG116,0.78,0.8,0.07928418367346939,6.530612244897982e-4,0.3384801020408163,0.08454999999999996,0.07863112244897959
yAG116,1.56,0.8,0.05978418367346938,-0.018846938775510205,0.26848010204081635,0.014549999999999993,0.07863112244897959
yAG116,12.5,0.8,0.04518418367346939,-0.0334469387755102,0.03673010204081634,-0.2172,0.07863112244897959
yAG116,3.12,0.8,0.03538418367346938,-0.04324693877551021,0.04008010204081633,-0.21385,0.07863112244897959
yAG116,6.25,0.8,0.042434183673469385,-0.0361969387755102,0.026730102040816342,-0.2272,0.07863112244897959
yAG118,0,0.4,0.5121508503401361,0.04410068027210884,1.281096768707483,0,0.46805017006802724
yAG118,0.39,0.4,0.6244175170068027,0.15636734693877546,1.365796768707483,0.0847,0.46805017006802724
yAG118,0.78,0.4,0.648750850340136,0.18070068027210878,1.377796768707483,0.09670000000000001,0.46805017006802724
yAG118,1.56,0.4,0.539850850340136,0.07180068027210879,1.1891634353741496,-0.09193333333333327,0.46805017006802724
yAG118,12.5,0.4,0.2984508503401361,-0.16959931972789116,1.179296768707483,-0.10179999999999996,0.46805017006802724
yAG118,3.12,0.4,0.4300841836734694,-0.03796598639455784,1.0504967687074829,-0.2306,0.46805017006802724
yAG118,6.25,0.4,0.3536841836734694,-0.11436598639455786,0.9531301020408163,-0.32796666666666663,0.46805017006802724
yAG121,0,0.4,0.5197841836734693,0.12099115646258501,2.7460301020408164,0,0.39879302721088433
yAG121,0.39,0.4,0.5805508503401361,0.18175782312925176,2.882496768707483,0.1364666666666666,0.39879302721088433
yAG121,0.78,0.4,0.6334175170068027,0.23462448979591838,2.9130301020408167,0.16699999999999995,0.39879302721088433
yAG121,1.56,0.4,0.516650850340136,0.1178578231292517,2.49206343537415,-0.25396666666666673,0.39879302721088433
yAG121,12.5,0.4,0.23401751700680273,-0.1647755102040816,1.7160634353741495,-1.029966666666667,0.39879302721088433
yAG121,3.12,0.4,0.4302841836734694,0.031491156462585046,2.09116343537415,-0.6548666666666668,0.39879302721088433
yAG121,6.25,0.4,0.34421751700680275,-0.05457551020408158,1.741096768707483,-1.0049333333333337,0.39879302721088433
yAG190,0,0.4,0.6121841836734694,0.21783877551020409,1.7466301020408164,0,0.3943454081632653
yAG190,0.39,0.4,0.6725175170068027,0.27817210884353744,1.6141301020408163,-0.13249999999999998,0.3943454081632653
yAG190,0.78,0.4,0.6251508503401361,0.23080544217687077,1.4882301020408164,-0.25839999999999996,0.3943454081632653
yAG190,1.56,0.4,0.5579841836734695,0.16363877551020417,1.4740634353741497,-0.2725666666666666,0.3943454081632653
yAG190,12.5,0.4,0.4262841836734694,0.031938775510204076,1.5164967687074828,-0.23013333333333338,0.3943454081632653
yAG190,3.12,0.4,0.4955508503401361,0.10120544217687077,1.5915634353741497,-0.15506666666666669,0.3943454081632653
yAG190,6.25,0.4,0.4763508503401361,0.08200544217687078,1.4948301020408163,-0.2518,0.3943454081632653
yAG32,0,0.8,0.5338175170068027,0.17633877551020405,1.705896768707483,0,0.35747874149659864
yAG32,0.39,0.8,0.5751508503401361,0.2176721088435375,1.8260634353741496,0.12016666666666646,0.35747874149659864
yAG32,0.78,0.8,0.5659175170068027,0.20843877551020407,1.6926634353741496,-0.013233333333333578,0.35747874149659864
yAG32,1.56,0.8,0.5398175170068028,0.18233877551020417,1.4467634353741496,-0.2591333333333335,0.35747874149659864
yAG32,12.5,0.8,0.36815085034013606,0.01067210884353742,1.2622634353741495,-0.44363333333333355,0.35747874149659864
yAG32,3.12,0.8,0.518150850340136,0.16067210884353733,1.4831634353741496,-0.22273333333333353,0.35747874149659864
yAG32,6.25,0.8,0.43241751700680275,0.07493877551020411,1.3576634353741497,-0.34823333333333356,0.35747874149659864
yAG192,0,0.4,0.5244175170068027,0.15893877551020408,1.2523634353741497,0,0.36547874149659865
yAG192,0.39,0.4,0.5567175170068027,0.19123877551020407,1.3431634353741497,0.09079999999999999,0.36547874149659865
yAG192,0.78,0.4,0.5544508503401361,0.18897210884353743,1.3830634353741496,0.13069999999999996,0.36547874149659865
yAG192,1.56,0.4,0.5307841836734694,0.1653054421768707,1.350196768707483,0.09783333333333329,0.36547874149659865
yAG192,12.5,0.4,0.3581175170068027,-0.007361224489795926,0.8867967687074829,-0.3655666666666667,0.36547874149659865
yAG192,3.12,0.4,0.46001751700680277,0.09453877551020412,1.1042634353741496,-0.14809999999999998,0.36547874149659865
yAG192,6.25,0.4,0.41751751700680273,0.05203877551020408,0.9872301020408163,-0.2651333333333334,0.36547874149659865
yAG193,0,0.4,0.6789841836734694,0.23473877551020406,1.1566634353741496,0,0.4442454081632653
yAG193,0.39,0.4,0.6844841836734694,0.24023877551020412,1.2435301020408163,0.08686666666666665,0.4442454081632653
yAG193,0.78,0.4,0.5603841836734694,0.11613877551020413,1.237696768707483,0.08103333333333329,0.4442454081632653
yAG193,1.56,0.4,0.5502841836734694,0.10603877551020413,1.262896768707483,0.10623333333333333,0.4442454081632653
yAG193,12.5,0.4,0.3800841836734694,-0.06416122448979589,0.928696768707483,-0.22796666666666665,0.4442454081632653
yAG193,3.12,0.4,0.5295175170068027,0.08527210884353742,1.1561634353741497,-4.999999999999449e-4,0.4442454081632653
yAG193,6.25,0.4,0.48735085034013603,0.043105442176870734,0.9870301020408163,-0.1696333333333333,0.4442454081632653
yAG3,0,0.8,0.9473841836734693,0.34995306122448966,0.8691801020408163,0,0.5974311224489797
yAG3,0.39,0.8,0.8608341836734694,0.26340306122448975,0.8770801020408163,0.007900000000000018,0.5974311224489797
yAG3,0.78,0.8,0.7826841836734694,0.1852530612244897,0.6369801020408163,-0.23220000000000002,0.5974311224489797
yAG3,1.56,0.8,0.7519841836734693,0.15455306122448964,0.5555801020408163,-0.3136,0.5974311224489797
yAG3,12.5,0.8,0.5958341836734694,-0.0015969387755102593,0.5541801020408164,-0.315,0.5974311224489797
yAG3,3.12,0.8,0.6561341836734693,0.05870306122448965,0.47038010204081626,-0.39880000000000004,0.5974311224489797
yAG3,6.25,0.8,0.7016341836734694,0.10420306122448975,0.4700801020408163,-0.3991,0.5974311224489797
yAG126,0,0.8,0.3622341836734694,0.1438673469387755,0.4656301020408163,0,0.21836683673469387
yAG126,0.39,0.8,0.3815841836734694,0.16321734693877554,0.5604801020408163,0.09485000000000005,0.21836683673469387
yAG126,0.78,0.8,0.3477341836734694,0.12936734693877555,0.5299801020408164,0.06435000000000002,0.21836683673469387
yAG126,1.56,0.8,0.24498418367346939,0.026617346938775516,0.4054301020408163,-0.060199999999999976,0.21836683673469387
yAG126,12.5,0.8,0.09198418367346939,-0.12638265306122448,0.17413010204081633,-0.2914999999999999,0.21836683673469387
yAG126,3.12,0.8,0.1939341836734694,-0.02443265306122447,0.12298010204081633,-0.34264999999999995,0.21836683673469387
yAG126,6.25,0.8,0.13318418367346938,-0.0851826530612245,0.10073010204081634,-0.36489999999999995,0.21836683673469387
yAG117,0,0.4,0.6168841836734694,0.17631496598639462,1.3421634353741496,0,0.4405692176870748
yAG117,0.39,0.4,0.6520508503401361,0.2114816326530613,1.4889301020408163,0.14676666666666663,0.4405692176870748
yAG117,0.78,0.4,0.5334175170068027,0.09284829931972793,1.4405301020408163,0.09836666666666656,0.4405692176870748
yAG117,1.56,0.4,0.47541751700680274,0.03484829931972794,1.3097301020408163,-0.03243333333333339,0.4405692176870748
yAG117,12.5,0.4,0.35891751700680274,-0.08165170068027205,1.0811634353741497,-0.26100000000000007,0.4405692176870748
yAG117,3.12,0.4,0.4420508503401361,0.0014816326530612822,1.0918634353741496,-0.2503000000000001,0.4405692176870748
yAG117,6.25,0.4,0.3686841836734694,-0.07188503401360541,0.9286301020408163,-0.41353333333333336,0.4405692176870748
yAG98,0,0.4,0.6690841836734693,0.24121496598639453,1.9939301020408164,0,0.4278692176870748
yAG98,0.39,0.4,0.6164175170068027,0.18854829931972789,2.09186343537415,0.09793333333333336,0.4278692176870748
yAG98,0.78,0.4,0.5553841836734694,0.1275149659863946,1.7396301020408165,-0.25430000000000014,0.4278692176870748
yAG98,1.56,0.4,0.47415085034013604,0.04628163265306123,1.5409301020408164,-0.45300000000000024,0.4278692176870748
yAG98,12.5,0.4,0.4116175170068027,-0.016251700680272096,1.6757634353741495,-0.31816666666666693,0.4278692176870748
yAG98,3.12,0.4,0.4539841836734694,0.026114965986394567,1.6632967687074829,-0.33063333333333356,0.4278692176870748
yAG98,6.25,0.4,0.4096175170068027,-0.018251700680272098,1.6332967687074829,-0.3606333333333336,0.4278692176870748
yAG43,0,0.4,0.5452508503401361,0.18274353741496607,1.1548634353741496,0,0.36250731292517
yAG43,0.39,0.4,0.5645175170068027,0.20201020408163273,1.0875634353741497,-0.06729999999999998,0.36250731292517
yAG43,0.78,0.4,0.5461175170068028,0.18361020408163276,0.996296768707483,-0.15856666666666666,0.36250731292517
yAG43,1.56,0.4,0.4720841836734694,0.10957687074829936,1.0741634353741496,-0.08070000000000006,0.36250731292517
yAG43,12.5,0.4,0.39681751700680273,0.03431020408163271,1.182296768707483,0.02743333333333331,0.36250731292517
yAG43,3.12,0.4,0.4537841836734694,0.09127687074829938,1.124296768707483,-0.030566666666666704,0.36250731292517
yAG43,6.25,0.4,0.4504508503401361,0.08794353741496608,1.1252634353741497,-0.029599999999999998,0.36250731292517
yAG60,0,0.8,0.5155175170068027,0.11861020408163264,1.678896768707483,0,0.39690731292517006
yAG60,0.39,0.8,0.5997508503401361,0.20284353741496602,1.7481301020408164,0.06923333333333341,0.39690731292517006
yAG60,0.78,0.8,0.6321175170068027,0.23521020408163268,1.7687634353741497,0.08986666666666676,0.39690731292517006
yAG60,1.56,0.8,0.5047841836734693,0.10787687074829927,1.6524634353741496,-0.02643333333333331,0.39690731292517006
yAG60,12.5,0.8,0.3669841836734694,-0.029923129251700653,1.2056967687074829,-0.4732,0.39690731292517006
yAG60,3.12,0.8,0.45571751700680274,0.05881020408163268,1.276596768707483,-0.40229999999999994,0.39690731292517006
yAG60,6.25,0.8,0.42551751700680274,0.028610204081632673,1.242296768707483,-0.43659999999999993,0.39690731292517006
yAG46,0,0.8,0.7244175170068028,0.2590911564625851,2.5112301020408165,0,0.46532636054421767
yAG46,0.39,0.8,0.7214841836734693,0.25615782312925167,2.7375301020408163,0.22629999999999986,0.46532636054421767
yAG46,0.78,0.8,0.6972175170068027,0.231891156462585,2.5039301020408167,-0.0073000000000000105,0.46532636054421767
yAG46,1.56,0.8,0.5436175170068027,0.07829115646258505,1.6772301020408162,-0.8340000000000002,0.46532636054421767
yAG46,12.5,0.8,0.30885085034013604,-0.15647551020408162,1.374796768707483,-1.1364333333333336,0.46532636054421767
yAG46,3.12,0.8,0.46731751700680274,0.0019911564625850753,1.421296768707483,-1.0899333333333336,0.46532636054421767
yAG46,6.25,0.8,0.45508418367346937,-0.010242176870748299,1.5633301020408161,-0.9479000000000003,0.46532636054421767
yAG29,0,0.8,0.6128841836734694,0.18463401360544224,1.532296768707483,0,0.4282501700680272
yAG29,0.39,0.8,0.5406841836734694,0.1124340136054422,1.4871634353741496,-0.04513333333333339,0.4282501700680272
yAG29,0.78,0.8,0.5147508503401361,0.08650068027210894,1.3458301020408163,-0.1864666666666667,0.4282501700680272
yAG29,1.56,0.8,0.4425841836734694,0.01433401360544223,1.3777301020408164,-0.15456666666666674,0.4282501700680272
yAG29,12.5,0.8,0.3368841836734694,-0.09136598639455779,1.2706967687074828,-0.2616000000000001,0.4282501700680272
yAG29,3.12,0.8,0.41225085034013603,-0.015999319727891148,1.0863301020408163,-0.4459666666666668,0.4282501700680272
yAG29,6.25,0.8,0.3869508503401361,-0.04129931972789108,1.260996768707483,-0.2713000000000001,0.4282501700680272
yAG58,0,0.8,0.6987175170068027,0.22200544217687074,1.178996768707483,0,0.476712074829932
yAG58,0.39,0.8,0.7456508503401361,0.2689387755102041,1.2693634353741496,0.0903666666666667,0.476712074829932
yAG58,0.78,0.8,0.6729175170068027,0.1962054421768707,1.2795634353741496,0.10056666666666662,0.476712074829932
yAG58,1.56,0.8,0.5496841836734694,0.07297210884353739,1.1022634353741496,-0.07673333333333325,0.476712074829932
yAG58,12.5,0.8,0.38121751700680273,-0.09549455782312927,0.907896768707483,-0.27109999999999995,0.476712074829932
yAG58,3.12,0.8,0.5457841836734694,0.06907210884353737,1.1011967687074828,-0.07780000000000002,0.476712074829932
yAG58,6.25,0.8,0.5101841836734694,0.03347210884353741,0.9596634353741496,-0.21933333333333335,0.476712074829932
HSC002,0,0.8,0.33755085034013604,0.054210204081632685,0.7058301020408163,0,0.28334064625850336
HSC002,0.39,0.8,0.36081751700680276,0.0774768707482994,0.7507301020408164,0.044900000000000016,0.28334064625850336
HSC002,0.78,0.8,0.34295085034013606,0.0596102040816327,0.7853634353741497,0.0795333333333333,0.28334064625850336
HSC002,1.56,0.8,0.2675841836734694,-0.015756462585033937,0.7375967687074829,0.031766666666666644,0.28334064625850336
HSC002,12.5,0.8,0.14205085034013604,-0.14128979591836732,0.737096768707483,0.031266666666666665,0.28334064625850336
HSC002,3.12,0.8,0.18965085034013604,-0.09368979591836732,0.6078634353741497,-0.09796666666666669,0.28334064625850336
HSC002,6.25,0.8,0.18165085034013603,-0.10168979591836733,0.6347967687074829,-0.07103333333333335,0.28334064625850336
HSC007,0,0.8,0.43001751700680274,0.09280068027210886,2.066296768707483,0,0.3372168367346939
HSC007,0.39,0.8,0.49025085034013605,0.15303401360544217,2.206796768707483,0.1405000000000002,0.3372168367346939
HSC007,0.78,0.8,0.5191841836734694,0.18196734693877553,2.35086343537415,0.28456666666666686,0.3372168367346939
HSC007,1.56,0.8,0.40355085034013605,0.06633401360544217,1.8299634353741496,-0.23633333333333328,0.3372168367346939
HSC007,12.5,0.8,0.27545085034013606,-0.061765986394557826,1.140296768707483,-0.926,0.3372168367346939
HSC007,3.12,0.8,0.3280175170068027,-0.009199319727891175,1.2499967687074829,-0.8163000000000001,0.3372168367346939
HSC007,6.25,0.8,0.2931841836734694,-0.0440326530612245,1.154596768707483,-0.9117000000000001,0.3372168367346939
HSC008,0,0.8,0.607450850340136,0.17183877551020404,1.804396768707483,0,0.43561207482993197
HSC008,0.39,0.8,0.6722841836734694,0.23667210884353745,1.8692301020408164,0.06483333333333345,0.43561207482993197
HSC008,0.78,0.8,0.5839175170068027,0.14830544217687075,1.943296768707483,0.13890000000000002,0.43561207482993197
HSC008,1.56,0.8,0.5596175170068027,0.12400544217687076,1.768896768707483,-0.03550000000000001,0.43561207482993197
HSC008,12.5,0.8,0.3260175170068027,-0.10959455782312927,1.095996768707483,-0.7083999999999999,0.43561207482993197
HSC008,3.12,0.8,0.46501751700680277,0.0294054421768708,1.4288634353741496,-0.37553333333333333,0.43561207482993197
HSC008,6.25,0.8,0.4503841836734694,0.014772108843537413,1.1833634353741496,-0.6210333333333333,0.43561207482993197
HSC012,0,0.8,0.5430175170068028,0.11086734693877559,1.297696768707483,0,0.4321501700680272
HSC012,0.39,0.8,0.6173841836734694,0.18523401360544217,1.4101634353741497,0.11246666666666665,0.4321501700680272
HSC012,0.78,0.8,0.518650850340136,0.08650068027210883,1.323796768707483,0.026100000000000085,0.4321501700680272
HSC012,1.56,0.8,0.4981841836734694,0.0660340136054422,1.1940634353741497,-0.10363333333333331,0.4321501700680272
HSC012,12.5,0.8,0.31085085034013604,-0.12129931972789115,0.779696768707483,-0.518,0.4321501700680272
HSC012,3.12,0.8,0.4765175170068027,0.04436734693877553,1.087296768707483,-0.2104,0.4321501700680272
HSC012,6.25,0.8,0.41315085034013604,-0.01899931972789115,0.8461301020408163,-0.45156666666666667,0.4321501700680272
HSC014,0,0.8,0.567950850340136,0.1936340136054422,1.5811634353741497,0,0.37431683673469385
HSC014,0.39,0.8,0.6054508503401361,0.23113401360544228,1.707996768707483,0.12683333333333335,0.37431683673469385
HSC014,0.78,0.8,0.5207841836734695,0.1464673469387756,1.7780634353741498,0.19690000000000007,0.37431683673469385
HSC014,1.56,0.8,0.44855085034013603,0.07423401360544218,1.4959634353741496,-0.08520000000000001,0.37431683673469385
HSC014,12.5,0.8,0.28225085034013603,-0.09206598639455782,0.942696768707483,-0.6384666666666666,0.37431683673469385
HSC014,3.12,0.8,0.39011751700680275,0.015800680272108902,0.935196768707483,-0.6459666666666667,0.37431683673469385
HSC014,6.25,0.8,0.40361751700680276,0.029300680272108914,0.8963634353741496,-0.6848,0.37431683673469385
HSC015,0,0.8,0.5794841836734694,0.1756911564625851,2.0114301020408165,0,0.40379302721088434
HSC015,0.39,0.8,0.5727508503401361,0.16895782312925173,1.9523301020408164,-0.0591000000000003,0.40379302721088434
HSC015,0.78,0.8,0.5162175170068027,0.1124244897959184,2.3408967687074833,0.3294666666666666,0.40379302721088434
HSC015,1.56,0.8,0.42901751700680274,0.025224489795918403,1.9767301020408163,-0.034700000000000175,0.40379302721088434
HSC015,12.5,0.8,0.26011751700680275,-0.1436755102040816,1.3453634353741497,-0.6660666666666669,0.40379302721088434
HSC015,3.12,0.8,0.4158508503401361,0.012057823129251743,1.6588301020408163,-0.35260000000000025,0.40379302721088434
HSC015,6.25,0.8,0.3770841836734694,-0.026708843537414928,1.219496768707483,-0.7919333333333337,0.40379302721088434
HSC020,0,0.8,0.5218508503401361,0.19023401360544223,1.427696768707483,0,0.3316168367346939
HSC020,0.39,0.8,0.529950850340136,0.19833401360544212,1.5230634353741497,0.0953666666666666,0.3316168367346939
HSC020,0.78,0.8,0.4766175170068027,0.14500068027210883,1.6439301020408164,0.21623333333333328,0.3316168367346939
HSC020,1.56,0.8,0.39011751700680275,0.05850068027210886,1.2073634353741496,-0.22033333333333335,0.3316168367346939
HSC020,12.5,0.8,0.29481751700680275,-0.03679931972789113,0.9895634353741496,-0.43813333333333343,0.3316168367346939
HSC020,3.12,0.8,0.34571751700680275,0.014100680272108868,0.8650634353741496,-0.5626333333333333,0.3316168367346939
HSC020,6.25,0.8,0.35371751700680276,0.022100680272108875,0.7834301020408163,-0.6442666666666667,0.3316168367346939
HSC028,0,0.8,0.6923175170068028,0.22060544217687078,1.350296768707483,0,0.471712074829932
HSC028,0.39,0.8,0.7194841836734694,0.24777210884353745,1.3436301020408163,-0.006666666666666599,0.471712074829932
HSC028,0.78,0.8,0.7137508503401361,0.24203877551020408,1.4932634353741496,0.1429666666666667,0.471712074829932
HSC028,1.56,0.8,0.5694841836734694,0.09777210884353743,1.3095301020408163,-0.04076666666666662,0.471712074829932
HSC028,12.5,0.8,0.4514175170068027,-0.020294557823129278,1.044696768707483,-0.3055999999999999,0.471712074829932
HSC028,3.12,0.8,0.5054841836734694,0.033772108843537374,1.1022634353741496,-0.24803333333333333,0.471712074829932
HSC028,6.25,0.8,0.46715085034013604,-0.004561224489795956,1.000996768707483,-0.34929999999999994,0.471712074829932
HSC029,0,0.8,0.6502508503401361,0.24691496598639462,1.1436301020408164,0,0.40333588435374146
HSC029,0.39,0.8,0.5413175170068028,0.1379816326530613,0.9971967687074829,-0.14643333333333342,0.40333588435374146
HSC029,0.78,0.8,0.6048508503401361,0.20151496598639462,1.1148634353741498,-0.028766666666666607,0.40333588435374146
HSC029,1.56,0.8,0.4153841836734694,0.012048299319727951,0.964896768707483,-0.17873333333333333,0.40333588435374146
HSC029,12.5,0.8,0.2905841836734694,-0.11275170068027207,0.602796768707483,-0.5408333333333333,0.40333588435374146
HSC029,3.12,0.8,0.3250508503401361,-0.07828503401360537,0.7099634353741496,-0.4336666666666667,0.40333588435374146
HSC029,6.25,0.8,0.3149175170068027,-0.08841836734693875,0.6720634353741497,-0.47156666666666663,0.40333588435374146
HSC030,0,0.8,0.7089175170068027,0.2757387755102041,1.9958967687074831,0,0.43317874149659863
HSC030,0.39,0.8,0.6934175170068028,0.26023877551020413,1.908596768707483,-0.08730000000000009,0.43317874149659863
HSC030,0.78,0.8,0.6591508503401361,0.22597210884353747,1.9716301020408165,-0.02426666666666666,0.43317874149659863
HSC030,1.56,0.8,0.49005085034013607,0.05687210884353744,1.5011634353741496,-0.49473333333333347,0.43317874149659863
HSC030,12.5,0.8,0.3181841836734694,-0.11499455782312923,1.0641634353741496,-0.9317333333333334,0.43317874149659863
HSC030,3.12,0.8,0.43695085034013603,0.003772108843537403,1.2709634353741497,-0.7249333333333335,0.43317874149659863
HSC030,6.25,0.8,0.3952841836734694,-0.03789455782312923,1.1547301020408163,-0.8411666666666667,0.43317874149659863
HSC034,0,0.8,0.5733508503401361,0.22092448979591844,1.8410634353741497,0,0.35242636054421767
HSC034,0.39,0.8,0.5347175170068027,0.18229115646258504,1.7575301020408165,-0.08353333333333324,0.35242636054421767
HSC034,0.78,0.8,0.5392841836734694,0.18685782312925175,1.7579301020408165,-0.08313333333333328,0.35242636054421767
HSC034,1.56,0.8,0.36731751700680276,0.014891156462585098,1.4417301020408164,-0.3993333333333333,0.35242636054421767
HSC034,12.5,0.8,0.19718418367346938,-0.1552421768707483,0.9727967687074829,-0.8682666666666667,0.35242636054421767
HSC034,3.12,0.8,0.3379175170068027,-0.01450884353741494,1.0157301020408163,-0.8253333333333334,0.35242636054421767
HSC034,6.25,0.8,0.29481751700680275,-0.05760884353741491,0.9693634353741496,-0.8717,0.35242636054421767
HSC038,0,0.8,0.7212841836734694,0.23096258503401357,1.3890301020408162,0,0.4903215986394558
HSC038,0.39,0.8,0.7478508503401361,0.2575292517006803,1.3684634353741496,-0.020566666666666695,0.4903215986394558
HSC038,0.78,0.8,0.7521175170068027,0.26179591836734695,1.5513301020408163,0.16230000000000003,0.4903215986394558
HSC038,1.56,0.8,0.6049175170068027,0.11459591836734695,1.3503634353741496,-0.03866666666666663,0.4903215986394558
HSC038,12.5,0.8,0.3346175170068027,-0.1557040816326531,0.8586301020408164,-0.5304,0.4903215986394558
HSC038,3.12,0.8,0.4670175170068028,-0.023304081632653018,1.0195301020408163,-0.3695,0.4903215986394558
HSC038,6.25,0.8,0.49841751700680276,0.008095918367346966,1.0247301020408162,-0.3643,0.4903215986394558
HSC041,0,0.4,0.5755508503401361,0.1779292517006803,1.708296768707483,0,0.3976215986394558
HSC041,0.39,0.4,0.5935508503401361,0.19592925170068032,1.679596768707483,-0.02870000000000002,0.3976215986394558
HSC041,0.78,0.4,0.5288175170068028,0.131195918367347,1.7153301020408163,0.007033333333333299,0.3976215986394558
HSC041,1.56,0.4,0.46611751700680276,0.06849591836734698,1.5449301020408164,-0.16336666666666674,0.3976215986394558
HSC041,12.5,0.4,0.2894841836734694,-0.10813741496598639,1.0425301020408164,-0.6657666666666667,0.3976215986394558
HSC041,3.12,0.4,0.41615085034013605,0.01852925170068026,1.2428301020408163,-0.4654666666666667,0.3976215986394558
HSC041,6.25,0.4,0.3849841836734694,-0.01263741496598636,1.0665301020408162,-0.6417666666666667,0.3976215986394558
HSC042,0,0.8,0.7043841836734694,0.2637102040816327,2.3247967687074835,0,0.44067397959183674
HSC042,0.39,0.8,0.6728175170068027,0.23214353741496596,2.2768301020408166,-0.04796666666666679,0.44067397959183674
HSC042,0.78,0.8,0.6635841836734694,0.22291020408163265,2.383296768707483,0.05849999999999985,0.44067397959183674
HSC042,1.56,0.8,0.5680175170068027,0.12734353741496596,1.7691634353741497,-0.5556333333333335,0.44067397959183674
HSC042,12.5,0.8,0.29018418367346943,-0.1504897959183673,1.5308634353741495,-0.7939333333333337,0.44067397959183674
HSC042,3.12,0.8,0.46181751700680274,0.021143537414965996,1.5804301020408165,-0.744366666666667,0.44067397959183674
HSC042,6.25,0.8,0.40535085034013607,-0.03532312925170067,1.4845634353741497,-0.8402333333333337,0.44067397959183674
HSC043,0,0.8,0.7037175170068027,0.23676734693877555,2.2494301020408165,0,0.4669501700680272
HSC043,0.39,0.8,0.7417841836734694,0.27483401360544224,2.2131301020408163,-0.0363,0.4669501700680272
HSC043,0.78,0.8,0.6842508503401361,0.21730068027210891,2.1099634353741497,-0.13946666666666677,0.4669501700680272
HSC043,1.56,0.8,0.6019175170068027,0.13496734693877555,1.7603301020408164,-0.4891000000000001,0.4669501700680272
HSC043,12.5,0.8,0.35128418367346936,-0.11566598639455783,1.780296768707483,-0.46913333333333346,0.4669501700680272
HSC043,3.12,0.8,0.5330841836734694,0.06613401360544224,1.8338967687074832,-0.41553333333333337,0.4669501700680272
HSC043,6.25,0.8,0.5249175170068027,0.05796734693877548,1.9094634353741498,-0.33996666666666675,0.4669501700680272
HSC044,0,0.8,0.6404841836734694,0.192043537414966,2.3483301020408165,0,0.4484406462585034
HSC044,0.39,0.8,0.6780175170068028,0.2295768707482994,2.433196768707483,0.08486666666666694,0.4484406462585034
HSC044,0.78,0.8,0.6535175170068027,0.20507687074829933,2.3267634353741498,-0.02156666666666644,0.4484406462585034
HSC044,1.56,0.8,0.4866841836734694,0.038243537414966,1.720796768707483,-0.6275333333333333,0.4484406462585034
HSC044,12.5,0.8,0.34655085034013605,-0.10188979591836733,1.6877301020408164,-0.6606,0.4484406462585034
HSC044,3.12,0.8,0.44095085034013604,-0.007489795918367348,1.6656301020408162,-0.6827000000000001,0.4484406462585034
HSC044,6.25,0.8,0.45568418367346936,0.007243537414965973,1.7043634353741497,-0.6439666666666667,0.4484406462585034
HSC046,0,0.8,0.6630508503401361,0.20071972789115655,1.5905301020408162,0,0.46233112244897956
HSC046,0.39,0.8,0.7073841836734694,0.2450530612244899,1.713896768707483,0.12336666666666678,0.46233112244897956
HSC046,0.78,0.8,0.7166841836734694,0.25435306122448986,1.680296768707483,0.0897666666666667,0.46233112244897956
HSC046,1.56,0.8,0.5668841836734694,0.10455306122448982,1.229296768707483,-0.36123333333333324,0.46233112244897956
HSC046,12.5,0.8,0.34978418367346936,-0.1125469387755102,1.4372634353741496,-0.15326666666666666,0.46233112244897956
HSC046,3.12,0.8,0.4681175170068027,0.005786394557823149,1.194596768707483,-0.3959333333333333,0.46233112244897956
HSC046,6.25,0.8,0.4975841836734694,0.035253061224489846,1.447596768707483,-0.14293333333333322,0.46233112244897956
HSC047,0,0.8,0.5205841836734694,0.16126258503401358,1.5001301020408164,0,0.3593215986394558
HSC047,0.39,0.8,0.5262508503401361,0.1669292517006803,1.4829301020408163,-0.017200000000000142,0.3593215986394558
HSC047,0.78,0.8,0.4876175170068027,0.12829591836734694,1.4279301020408164,-0.0722,0.3593215986394558
HSC047,1.56,0.8,0.41238418367346935,0.053062585034013565,1.1653967687074829,-0.3347333333333334,0.3593215986394558
HSC047,12.5,0.8,0.2734175170068027,-0.08590408163265306,1.207296768707483,-0.29283333333333333,0.3593215986394558
HSC047,3.12,0.8,0.37161751700680273,0.012295918367346947,1.1150967687074829,-0.3850333333333334,0.3593215986394558
HSC047,6.25,0.8,0.3477175170068027,-0.011604081632653085,1.1428634353741496,-0.3572666666666667,0.3593215986394558
HSC048,0,0.8,0.5857508503401361,0.18585306122448986,1.812896768707483,0,0.3998977891156462
HSC048,0.39,0.8,0.6272175170068027,0.2273197278911565,1.8615634353741497,0.048666666666666636,0.3998977891156462
HSC048,0.78,0.8,0.6130175170068027,0.21311972789115652,1.905896768707483,0.09300000000000004,0.3998977891156462
HSC048,1.56,0.8,0.5737841836734694,0.17388639455782318,1.7439634353741496,-0.06893333333333336,0.3998977891156462
HSC048,12.5,0.8,0.44215085034013607,0.04225306122448985,1.5668967687074828,-0.24600000000000008,0.3998977891156462
HSC048,3.12,0.8,0.5697175170068027,0.1698197278911565,1.735596768707483,-0.0773,0.3998977891156462
HSC048,6.25,0.8,0.5249841836734694,0.12508639455782322,1.595696768707483,-0.21719999999999998,0.3998977891156462
HSC050,0,0.8,0.6453175170068027,0.20933401360544218,1.4414634353741496,0,0.43598350340136055
HSC050,0.39,0.8,0.611250850340136,0.1752673469387755,1.435096768707483,-0.006366666666666705,0.43598350340136055
HSC050,0.78,0.8,0.49415085034013606,0.05816734693877551,1.2880301020408162,-0.1534333333333334,0.43598350340136055
HSC050,1.56,0.8,0.4271841836734694,-0.008799319727891164,1.015296768707483,-0.42616666666666675,0.43598350340136055
HSC050,12.5,0.8,0.3861508503401361,-0.049832653061224474,1.4146301020408163,-0.026833333333333338,0.43598350340136055
HSC050,3.12,0.8,0.3776841836734694,-0.05829931972789115,0.991196768707483,-0.4502666666666667,0.43598350340136055
HSC050,6.25,0.8,0.4127175170068027,-0.023265986394557847,1.1614301020408162,-0.28003333333333336,0.43598350340136055
HSC051,0,0.8,0.6570508503401361,0.23055306122448982,2.3770301020408167,0,0.4264977891156463
HSC051,0.39,0.8,0.6400508503401361,0.2135530612244898,2.3597634353741497,-0.01726666666666669,0.4264977891156463
HSC051,0.78,0.8,0.5148508503401361,0.08835306122448983,2.18536343537415,-0.19166666666666665,0.4264977891156463
HSC051,1.56,0.8,0.4615175170068027,0.03501972789115643,1.8253301020408164,-0.5517000000000002,0.4264977891156463
HSC051,12.5,0.8,0.36955085034013607,-0.056946938775510214,1.6260634353741497,-0.7509666666666669,0.4264977891156463
HSC051,3.12,0.8,0.4113508503401361,-0.01514693877551021,1.6740634353741497,-0.7029666666666669,0.4264977891156463
HSC051,6.25,0.8,0.38475085034013606,-0.04174693877551022,1.3901301020408163,-0.9869000000000002,0.4264977891156463
HSC054,0,0.8,0.6492508503401361,0.24472448979591838,1.188396768707483,0,0.4045263605442177
HSC054,0.39,0.8,0.6180175170068027,0.21349115646258504,1.1706301020408163,-0.017766666666666747,0.4045263605442177
HSC054,0.78,0.8,0.49711751700680273,0.09259115646258503,1.0676634353741496,-0.12073333333333332,0.4045263605442177
HSC054,1.56,0.8,0.49991751700680276,0.09539115646258506,1.101396768707483,-0.08699999999999997,0.4045263605442177
HSC054,12.5,0.8,0.32285085034013605,-0.08167551020408165,0.834596768707483,-0.35379999999999995,0.4045263605442177
HSC054,3.12,0.8,0.42401751700680274,0.019491156462585035,1.0287634353741497,-0.15963333333333338,0.4045263605442177
HSC054,6.25,0.8,0.3737841836734694,-0.030742176870748317,0.8479301020408163,-0.3404666666666667,0.4045263605442177
HSC055,0,0.8,0.6193175170068027,0.21294829931972786,1.5296301020408163,0,0.40636921768707485
HSC055,0.39,0.8,0.5438841836734694,0.1375149659863945,1.564696768707483,0.035066666666666725,0.40636921768707485
HSC055,0.78,0.8,0.4238841836734694,0.01751496598639457,1.4477634353741495,-0.08186666666666675,0.40636921768707485
HSC055,1.56,0.8,0.42478418367346943,0.018414965986394582,1.355296768707483,-0.17433333333333337,0.40636921768707485
HSC055,12.5,0.8,0.3105508503401361,-0.09581836734693877,0.9020634353741496,-0.6275666666666667,0.40636921768707485
HSC055,3.12,0.8,0.4035175170068027,-0.002851700680272129,1.1144634353741496,-0.4151666666666667,0.40636921768707485
HSC055,6.25,0.8,0.34555085034013605,-0.060818367346938795,0.7573301020408163,-0.7723000000000001,0.40636921768707485
HSC057,0,0.4,0.7609175170068028,0.28935306122448984,1.3569634353741498,0,0.47156445578231293
HSC057,0.39,0.4,0.6440841836734694,0.1725197278911565,1.207296768707483,-0.1496666666666667,0.47156445578231293
HSC057,0.78,0.4,0.619350850340136,0.1477863945578231,1.124296768707483,-0.23266666666666672,0.47156445578231293
HSC057,1.56,0.4,0.567150850340136,0.09558639455782308,1.078496768707483,-0.2784666666666667,0.47156445578231293
HSC057,12.5,0.4,0.4505508503401361,-0.02101360544217684,1.091696768707483,-0.2652666666666667,0.47156445578231293
HSC057,3.12,0.4,0.591050850340136,0.11948639455782312,1.206996768707483,-0.14996666666666672,0.47156445578231293
HSC057,6.25,0.4,0.5350841836734694,0.06351972789115651,1.1796967687074829,-0.1772666666666667,0.47156445578231293
HSC058,0,0.4,0.5897841836734694,0.19366258503401362,1.1598301020408162,0,0.3961215986394558
HSC058,0.39,0.4,0.44775085034013606,0.05162925170068028,1.0074634353741496,-0.15236666666666665,0.3961215986394558
HSC058,0.78,0.4,0.45005085034013603,0.05392925170068025,1.0406634353741497,-0.11916666666666657,0.3961215986394558
HSC058,1.56,0.4,0.4369175170068027,0.04079591836734692,1.0027301020408164,-0.15709999999999993,0.3961215986394558
HSC058,12.5,0.4,0.28618418367346937,-0.10993741496598641,0.6777301020408163,-0.4820999999999999,0.3961215986394558
HSC058,3.12,0.4,0.5065175170068027,0.11039591836734691,0.9962634353741496,-0.16356666666666664,0.3961215986394558
HSC058,6.25,0.4,0.31261751700680274,-0.08350408163265305,0.702496768707483,-0.45733333333333326,0.3961215986394558
HSC059,0,0.8,0.5669841836734694,0.2508673469387755,2.3275634353741497,0,0.3161168367346939
HSC059,0.39,0.8,0.3546841836734694,0.038567346938775504,2.050430102040816,-0.2771333333333333,0.3161168367346939
HSC059,0.78,0.8,0.2840841836734694,-0.03203265306122449,1.7643301020408164,-0.5632333333333334,0.3161168367346939
HSC059,1.56,0.8,0.36181751700680276,0.045700680272108885,1.7921634353741496,-0.5354000000000002,0.3161168367346939
HSC059,12.5,0.8,0.22675085034013606,-0.08936598639455781,1.4536634353741495,-0.8739000000000001,0.3161168367346939
HSC059,3.12,0.8,0.3714508503401361,0.05533401360544221,1.710696768707483,-0.6168666666666668,0.3161168367346939
HSC059,6.25,0.8,0.26195085034013604,-0.05416598639455783,1.4739967687074829,-0.8535666666666668,0.3161168367346939
HSC062,0,0.8,0.565950850340136,0.19531972789115648,1.442296768707483,0,0.37063112244897956
HSC062,0.39,0.8,0.519550850340136,0.14891972789115648,1.4647634353741497,0.022466666666666635,0.37063112244897956
HSC062,0.78,0.8,0.5307175170068027,0.16008639455782314,1.4373301020408162,-0.004966666666666712,0.37063112244897956
HSC062,1.56,0.8,0.5204841836734694,0.14985306122448983,1.489796768707483,0.04749999999999995,0.37063112244897956
HSC062,12.5,0.8,0.39081751700680273,0.020186394557823173,0.9360967687074829,-0.5062000000000001,0.37063112244897956
HSC062,3.12,0.8,0.5723175170068027,0.2016863945578231,1.3679634353741497,-0.07433333333333336,0.37063112244897956
HSC062,6.25,0.8,0.45005085034013603,0.07941972789115648,1.015596768707483,-0.4267,0.37063112244897956
HSC063,0,0.8,0.6512841836734694,0.23462448979591838,2.20526343537415,0,0.41665969387755103
HSC063,0.39,0.8,0.5457175170068027,0.12905782312925168,2.3111967687074833,0.10593333333333306,0.41665969387755103
HSC063,0.78,0.8,0.5223508503401361,0.10569115646258503,2.3207301020408164,0.11546666666666654,0.41665969387755103
HSC063,1.56,0.8,0.3981175170068027,-0.018542176870748328,1.8380634353741496,-0.36720000000000036,0.41665969387755103
HSC063,12.5,0.8,0.3490841836734694,-0.06757551020408165,1.5328634353741497,-0.6724000000000002,0.41665969387755103
HSC063,3.12,0.8,0.46871751700680275,0.052057823129251724,1.7074967687074831,-0.4977666666666669,0.41665969387755103
HSC063,6.25,0.8,0.4332175170068027,0.016557823129251692,1.3721301020408163,-0.8331333333333336,0.41665969387755103
HSC074,0,0.8,0.3261841836734694,0.10346258503401365,0.797796768707483,0,0.22272159863945576
HSC074,0.39,0.8,0.3110841836734694,0.08836258503401365,0.7960634353741496,-0.0017333333333333274,0.22272159863945576
HSC074,0.78,0.8,0.23165085034013605,0.00892925170068029,0.8563634353741497,0.05856666666666673,0.22272159863945576
HSC074,1.56,0.8,0.18805085034013605,-0.03467074829931971,0.6956634353741497,-0.10213333333333334,0.22272159863945576
HSC074,12.5,0.8,0.1569841836734694,-0.06573741496598637,0.604696768707483,-0.19309999999999997,0.22272159863945576
HSC074,3.12,0.8,0.2027841836734694,-0.01993741496598636,0.5549301020408163,-0.24286666666666665,0.22272159863945576
HSC074,6.25,0.8,0.16655085034013603,-0.05617074829931973,0.5327967687074829,-0.265,0.22272159863945576
HSC077,0,0.8,0.5795841836734694,0.1655578231292517,1.6286634353741496,0,0.4140263605442177
HSC077,0.39,0.8,0.5206508503401361,0.10662448979591843,1.6452634353741495,0.016599999999999948,0.4140263605442177
HSC077,0.78,0.8,0.510550850340136,0.09652448979591832,1.6636634353741497,0.034999999999999996,0.4140263605442177
HSC077,1.56,0.8,0.4860175170068028,0.07199115646258508,1.4670301020408163,-0.16163333333333338,0.4140263605442177
HSC077,12.5,0.8,0.3869175170068027,-0.027108843537414995,1.3454634353741497,-0.28319999999999995,0.4140263605442177
HSC077,3.12,0.8,0.4471841836734694,0.033157823129251696,1.3432301020408164,-0.28543333333333337,0.4140263605442177
HSC077,6.25,0.8,0.43975085034013606,0.02572448979591835,1.1934634353741496,-0.43520000000000003,0.4140263605442177
HSC078,0,0.8,0.7780841836734694,0.25276734693877556,2.27316343537415,0,0.5253168367346939
HSC078,0.39,0.8,0.7032175170068027,0.1779006802721088,2.3109301020408166,0.03776666666666687,0.5253168367346939
HSC078,0.78,0.8,0.6824175170068028,0.15710068027210888,2.28136343537415,0.008200000000000133,0.5253168367346939
HSC078,1.56,0.8,0.6164841836734694,0.09116734693877548,1.7608634353741495,-0.5123000000000002,0.5253168367346939
HSC078,12.5,0.8,0.4864508503401361,-0.038865986394557794,1.818096768707483,-0.45506666666666673,0.5253168367346939
HSC078,3.12,0.8,0.4743508503401361,-0.050965986394557794,1.4428301020408163,-0.8303333333333334,0.5253168367346939
HSC078,6.25,0.8,0.4826175170068027,-0.04269931972789115,1.664396768707483,-0.6087666666666668,0.5253168367346939
HSC080,0,0.8,0.6826508503401361,0.23731020408163267,1.700396768707483,0,0.4453406462585034
HSC080,0.39,0.8,0.6590841836734694,0.21374353741496604,1.6813634353741496,-0.019033333333333385,0.4453406462585034
HSC080,0.78,0.8,0.563450850340136,0.11811020408163259,1.6721301020408164,-0.028266666666666735,0.4453406462585034
HSC080,1.56,0.8,0.4534175170068027,0.008076870748299325,1.603796768707483,-0.09660000000000002,0.4453406462585034
HSC080,12.5,0.8,0.37751751700680275,-0.06782312925170064,1.182496768707483,-0.5179000000000001,0.4453406462585034
HSC080,3.12,0.8,0.3896508503401361,-0.05568979591836731,1.4103301020408163,-0.2900666666666667,0.4453406462585034
HSC080,6.25,0.8,0.40295085034013606,-0.042389795918367335,1.1648301020408163,-0.5355666666666667,0.4453406462585034
HSC081,0,0.8,0.6423175170068027,0.2036197278911565,2.2809301020408164,0,0.4386977891156462
HSC081,0.39,0.8,0.6302508503401361,0.19155306122448984,2.48086343537415,0.19993333333333352,0.4386977891156462
HSC081,0.78,0.8,0.5694175170068028,0.13071972789115655,2.463396768707483,0.18246666666666655,0.4386977891156462
HSC081,1.56,0.8,0.4930175170068027,0.054319727891156466,2.1225634353741496,-0.15836666666666668,0.4386977891156462
HSC081,12.5,0.8,0.35645085034013607,-0.08224693877551015,1.6864634353741497,-0.5944666666666668,0.4386977891156462
HSC081,3.12,0.8,0.41505085034013606,-0.023646938775510162,1.8994301020408162,-0.38150000000000023,0.4386977891156462
HSC081,6.25,0.8,0.40165085034013603,-0.037046938775510185,1.7222634353741497,-0.5586666666666669,0.4386977891156462
HSC082,0,0.8,0.6985841836734694,0.24636258503401365,2.4601967687074833,0,0.45222159863945577
HSC082,0.39,0.8,0.6688175170068027,0.21659591836734693,2.5445967687074833,0.08440000000000003,0.45222159863945577
HSC082,0.78,0.8,0.5718841836734694,0.11966258503401361,2.506930102040817,0.046733333333333515,0.45222159863945577
HSC082,1.56,0.8,0.4452841836734694,-0.006937414965986377,2.0338301020408163,-0.4263666666666668,0.45222159863945577
HSC082,12.5,0.8,0.38645085034013604,-0.06577074829931973,1.4778301020408162,-0.9823666666666668,0.45222159863945577
HSC082,3.12,0.8,0.4022841836734694,-0.04993741496598636,1.5248634353741495,-0.9353333333333336,0.45222159863945577
HSC082,6.25,0.8,0.4098508503401361,-0.042370748299319694,1.515596768707483,-0.9446000000000002,0.45222159863945577
HSC090,0,0.8,0.6898175170068027,0.24242448979591835,2.0277301020408163,0,0.44739302721088436
HSC090,0.39,0.8,0.6624175170068027,0.21502448979591837,2.1413301020408166,0.11360000000000008,0.44739302721088436
HSC090,0.78,0.8,0.5039175170068028,0.0565244897959184,1.9336634353741498,-0.09406666666666667,0.44739302721088436
HSC090,1.56,0.8,0.41731751700680275,-0.030075510204081612,1.4193301020408162,-0.6084,0.44739302721088436
HSC090,12.5,0.8,0.42851751700680274,-0.018875510204081625,1.6819634353741497,-0.34576666666666656,0.44739302721088436
HSC090,3.12,0.8,0.3955175170068027,-0.051875510204081654,1.2582301020408162,-0.7695000000000001,0.44739302721088436
HSC090,6.25,0.8,0.45511751700680275,0.007724489795918388,1.6037634353741497,-0.42396666666666666,0.44739302721088436
HSC094,0,0.8,0.6129841836734694,0.2255054421768708,1.2596301020408163,0,0.3874787414965986
HSC094,0.39,0.8,0.49351751700680274,0.10603877551020413,1.1899967687074828,-0.06963333333333337,0.3874787414965986
HSC094,0.78,0.8,0.3722841836734694,-0.015194557823129229,1.250796768707483,-0.008833333333333323,0.3874787414965986
HSC094,1.56,0.8,0.2845841836734694,-0.10289455782312923,1.1197634353741497,-0.13986666666666667,0.3874787414965986
HSC094,12.5,0.8,0.24785085034013607,-0.13962789115646254,0.8967301020408164,-0.36289999999999994,0.3874787414965986
HSC094,3.12,0.8,0.2982175170068027,-0.0892612244897959,0.963896768707483,-0.29573333333333335,0.3874787414965986
HSC094,6.25,0.8,0.2963508503401361,-0.09112789115646253,0.7944301020408163,-0.46519999999999995,0.3874787414965986
HSC097,0,0.4,0.7014175170068028,0.2668816326530613,1.9027301020408165,0,0.43453588435374146
HSC097,0.39,0.4,0.666150850340136,0.23161496598639453,1.9163301020408163,0.013599999999999982,0.43453588435374146
HSC097,0.78,0.4,0.565250850340136,0.13071496598639454,2.0438634353741496,0.14113333333333325,0.43453588435374146
HSC097,1.56,0.4,0.42951751700680274,-0.0050183673469387235,1.657596768707483,-0.24513333333333343,0.43453588435374146
HSC097,12.5,0.4,0.43391751700680276,-6.183673469387085e-4,1.4625301020408163,-0.44020000000000015,0.43453588435374146
HSC097,3.12,0.4,0.46695085034013606,0.032414965986394595,1.331396768707483,-0.5713333333333335,0.43453588435374146
HSC097,6.25,0.4,0.4538841836734694,0.019348299319727924,1.1247634353741496,-0.7779666666666668,0.43453588435374146
HSC098,0,0.4,0.3543508503401361,0.09968639455782319,1.103396768707483,0,0.2546644557823129
HSC098,0.39,0.4,0.29215085034013605,0.037486394557823155,1.0218301020408163,-0.08156666666666663,0.2546644557823129
HSC098,0.78,0.4,0.20681751700680273,-0.04784693877551016,1.0668301020408162,-0.03656666666666671,0.2546644557823129
HSC098,1.56,0.4,0.1432841836734694,-0.11138027210884349,1.0259634353741496,-0.07743333333333331,0.2546644557823129
HSC098,12.5,0.4,0.12278418367346938,-0.1318802721088435,0.7466634353741496,-0.35673333333333335,0.2546644557823129
HSC098,3.12,0.4,0.11505085034013605,-0.13961360544217682,0.7399301020408163,-0.36346666666666666,0.2546644557823129
HSC098,6.25,0.4,0.13918418367346938,-0.11548027210884351,0.6421634353741497,-0.46123333333333333,0.2546644557823129
HSC099,0,0.4,0.7622841836734694,0.2733340136054422,2.0100967687074833,0,0.4889501700680272
HSC099,0.39,0.4,0.7249175170068027,0.23596734693877552,2.1848634353741496,0.17476666666666651,0.4889501700680272
HSC099,0.78,0.4,0.5894175170068027,0.10046734693877546,2.0372301020408163,0.02713333333333323,0.4889501700680272
HSC099,1.56,0.4,0.595350850340136,0.1064006802721088,1.8555634353741497,-0.1545333333333334,0.4889501700680272
HSC099,12.5,0.4,0.40238418367346945,-0.08656598639455776,1.257196768707483,-0.7529000000000002,0.4889501700680272
HSC099,3.12,0.4,0.4406841836734694,-0.048265986394557814,1.3359301020408163,-0.6741666666666668,0.4889501700680272
HSC099,6.25,0.4,0.479850850340136,-0.009099319727891186,1.1471967687074829,-0.8629000000000002,0.4889501700680272
HSC100,0,0.8,0.6432841836734694,0.2091387755102041,1.347496768707483,0,0.4341454081632653
HSC100,0.39,0.8,0.5949175170068027,0.16077210884353743,1.3956634353741497,0.04816666666666669,0.4341454081632653
HSC100,0.78,0.8,0.5160175170068028,0.08187210884353746,1.3674967687074828,0.019999999999999945,0.4341454081632653
HSC100,1.56,0.8,0.49301751700680274,0.05887210884353744,1.2959301020408163,-0.051566666666666615,0.4341454081632653
HSC100,12.5,0.8,0.3563841836734694,-0.07776122448979589,1.0868967687074829,-0.2606,0.4341454081632653
HSC100,3.12,0.8,0.4222508503401361,-0.011894557823129204,1.0609967687074828,-0.28650000000000003,0.4341454081632653
HSC100,6.25,0.8,0.3849508503401361,-0.049194557823129204,0.895496768707483,-0.45199999999999996,0.4341454081632653
HSC105,0,0.8,0.6108508503401361,0.1950673469387756,1.3961301020408163,0,0.4157835034013605
HSC105,0.39,0.8,0.5759175170068027,0.16013401360544222,1.3928634353741496,-0.003266666666666677,0.4157835034013605
HSC105,0.78,0.8,0.5180508503401361,0.1022673469387756,1.4383301020408163,0.042200000000000015,0.4157835034013605
HSC105,1.56,0.8,0.504550850340136,0.08876734693877553,1.3911634353741495,-0.004966666666666712,0.4157835034013605
HSC105,12.5,0.8,0.4067508503401361,-0.009032653061224416,1.073696768707483,-0.32243333333333335,0.4157835034013605
HSC105,3.12,0.8,0.3900508503401361,-0.02573265306122441,1.0581634353741496,-0.3379666666666667,0.4157835034013605
HSC105,6.25,0.8,0.43475085034013605,0.018967346938775553,0.9844634353741496,-0.4116666666666667,0.4157835034013605
